type,name,module,path,hash
"yaml","manifest","_config","_config/manifest.yaml","e1bf86a267cb9267f47637170a2e4345bd8948bd225976119d021f687523d3ec"
"toml","config","config.toml","config.toml","21f324faf993c844a9e15f077655e327ce5326e9a451856e15ee4c088170e5c5"
"toml","config.user","config.user.toml","config.user.toml","b615f7c7a18a283c2eb32d894f197d103203f41f40ba0f8694cee1b55b4c3645"
"csv","brain-methods","core","core/bmad-brainstorming/assets/brain-methods.csv","fff112eabca1a9cb8b190f8314bc47678becc5782a2372e11c83daa0e33b6dfd"
"csv","methods","core","core/bmad-advanced-elicitation/assets/methods.csv","d110ff5f076fb9421552b83692fde2c2d367734049169c7a55f7267a3dc7ef89"
"csv","module-help","core","core/module-help.csv","3d5feb19c1750d35676530c746a5c71e8959616f3c32fb161847971611d81b6b"
"html","brain-selector","core","core/bmad-brainstorming/assets/brain-selector.html","c110919a3366bd96061f050f98503e3586185e3d1df5ff8b62a5a046c571a436"
"json","brain-icons","core","core/bmad-brainstorming/assets/brain-icons.json","a101c56e89f1d0f9e4131dfdfc19e10c746e3a61c3f92537d04a6f4897b7d331"
"md","academic-lit","core","core/bmad-deep-recon/types/academic-lit.md","514b0b7b1184cb95363dedeb0c2298a9bf5c430c74146fe2114f31780fadb325"
"md","competitive","core","core/bmad-deep-recon/types/competitive.md","39b53df87d295fdc4388719fcdf31ad2221e64afc136e669207f46d2727a3aec"
"md","converge","core","core/bmad-brainstorming/references/converge.md","1528c32ddc64f8061fec663306f7208d2fd4d4a90e660552b8138bda7e452dc0"
"md","create-party","core","core/bmad-party-mode/references/create-party.md","2f810332c36c17d14eb55717aed48f3020acf0713bb9f932479be9fbc3856e9e"
"md","domain","core","core/bmad-deep-recon/types/domain.md","3a34b2e62c3589f8c8d01158357ee9fba32648c9fdfe70035bb3ca971862896b"
"md","draft","core","core/bmad-deep-recon/references/draft.md","ac19b33a00ca529c3281df6076f87a833a3b11fc30915ca2c6e7590f7986b90e"
"md","editorial-common","core","core/bmad-review/references/editorial-common.md","f0cdc72ea345b2c5dc3001477b3dfcc909ca11b78f7db8865b6763d18ffc66c8"
"md","finalize","core","core/bmad-brainstorming/references/finalize.md","b6074e7fb4d86ffcf899abc50b9049b4a1f6fe550917f4be7a1c7a888477e07e"
"md","finalize","core","core/bmad-deep-recon/references/finalize.md","d2ba4bee615dfbca6e7725179fb5ebd856dd34a54ba3f306e25255dfd7b1d126"
"md","headless","core","core/bmad-brainstorming/references/headless.md","b8ea5951199cff7e4813e06aef35683ca0658230fa015e358cacc466b1138a42"
"md","html-briefing","core","core/bmad-deep-recon/references/html-briefing.md","cd3a88c1a5505fa7f1b715afc3adb34f3d64ade66f4c6b49a59f7e8cfcbe38d4"
"md","in-chat-techniques","core","core/bmad-brainstorming/references/in-chat-techniques.md","18239464e3e4f00ea9063d015d26d6b0a696b72e7e3c5be92352da6db9a3f244"
"md","lens-adversarial","core","core/bmad-review/references/lens-adversarial.md","7c5ce97ab2f3ecb96ceb6aa76417f68c1b7df535edd3cc51666d8e1216e6e557"
"md","lens-edge-case-hunter","core","core/bmad-review/references/lens-edge-case-hunter.md","f2709e3adb40943ea0f19d0797be379caf0875eaef9a55081dc1e170e8288b68"
"md","lens-prose","core","core/bmad-review/references/lens-prose.md","4cbcb1eaea8567d272f5db7c6cdfd74ed5a8aae6831053cb2f01cbfc2cb98b98"
"md","lens-structure","core","core/bmad-review/references/lens-structure.md","98c08221f517133e57ef6325013935360c3365ebd7dcb8411b2050d7df507ee3"
"md","lens-verification-gap","core","core/bmad-review/references/lens-verification-gap.md","e7123d81171eeeee1b3782d13d94c2988969fe357dd71949131a5eb97803e2c6"
"md","lifecycle","core","core/bmad-deep-recon/references/lifecycle.md","2315fd9cb9223504639616b861ad593bfecb53d605efbd598ae2cf94fb6c4cdf"
"md","market","core","core/bmad-deep-recon/types/market.md","81ac04499da441857672e29fcd7169436a7e239e67194288ac0d526ec514cb5e"
"md","mode-agent-team","core","core/bmad-party-mode/references/mode-agent-team.md","def759a17f4bb45463b68fb74c2b828b0a4241720b2b6cc1c9c611a1016ae9d7"
"md","mode-auto","core","core/bmad-party-mode/references/mode-auto.md","a37fd24f76dfcde385890d5c5947bb6f40ca44bea86c805d267b6ae3aab39f70"
"md","mode-autonomous","core","core/bmad-brainstorming/references/mode-autonomous.md","d815d2c7f0f8cc0cdfa7c619eaf61f59fd78142f13c69365eda257da38b97bdf"
"md","mode-facilitator","core","core/bmad-brainstorming/references/mode-facilitator.md","1b908498d285d190859aed00c3ba5b399d7f6aa8e94d54e95456d15cd6fe6073"
"md","mode-partner","core","core/bmad-brainstorming/references/mode-partner.md","caa0ed378c116def4de382f4e5a95173c6ae6cc5464f1792e7d8196360f79c8a"
"md","mode-subagent","core","core/bmad-party-mode/references/mode-subagent.md","86161b24a0b13b8f9cb9309042e4249d8caefff8cc33728b084cd2ec22f9d2e1"
"md","party-memory","core","core/bmad-party-mode/references/party-memory.md","800b4b4b920bb881a7b32aaabca8559a98273799b2476d83a23e290e301fb315"
"md","process","core","core/bmad-deep-recon/references/process.md","9017d04774807a29103ea97331e555e2793f90098af65752b72f3ee09df85906"
"md","README","core","core/v6-shims/README.md","017900bb03baeddc0262041a6aa85bce744e8c45991dcde32ef042f9bc2a32b2"
"md","research.template","core","core/bmad-deep-recon/assets/research.template.md","87d7cfa85fa5036b5a309b7bfb88f7934f50bb81f3cff02d2b49b4c7345cfc38"
"md","resume","core","core/bmad-brainstorming/references/resume.md","0f79535d72eefe6c55bd5ae47fe4753de8d27235cf129f10b2c596a124c26526"
"md","run","core","core/bmad-deep-recon/references/run.md","8e259dc88820ac989c79620af5c37e24f00df21ac4af308ce3563c0e66c9406c"
"md","selection","core","core/bmad-deep-recon/references/selection.md","2b488c08f9550afe7fda32c2dc5d4591927afd7b9ad507fcce0ae8593c4b9d31"
"md","SKILL","core","core/bmad-advanced-elicitation/SKILL.md","23a1f2903f6a19255e3ceae798afe48f6394694769b3b034502d174d683612b2"
"md","SKILL","core","core/bmad-brainstorming/SKILL.md","e9cb07fe86aa254f9fb7217720d77fd693bf66a0c01af8114ecdf7148159fdd1"
"md","SKILL","core","core/bmad-customize/SKILL.md","a42086f90024013e2611503eb0224ac0e90b2aecac44a886ae0e38cfdda69511"
"md","SKILL","core","core/bmad-deep-recon/SKILL.md","dce5f7db03094a617cc3fcae1711b1dc7ccebe379376e67216544956d375f0d2"
"md","SKILL","core","core/bmad-forge-idea/SKILL.md","a838096deb871b3482dffe6163be16104f7911698b25af5617751655fd3295c9"
"md","SKILL","core","core/bmad-help/SKILL.md","68a19089a0073b299c705e9afaa8d18183e78f88a185a68e9efba2e14062effc"
"md","SKILL","core","core/bmad-party-mode/SKILL.md","de035b4e081fdd626a20114178f706ac222f519171d82b02139a7cec561a3487"
"md","SKILL","core","core/bmad-review/SKILL.md","144e6c46d9157f7a88722c56139cd78c12903b1283ed84dd9c2b1f5dfa7673c1"
"md","SKILL","core","core/v6-shims/bmad-editorial-review/SKILL.md","3b939876b4977bec7f2d3ee33a8871b266f25efc72768d72868ac26ff9158cd2"
"md","SKILL","core","core/v6-shims/bmad-editorial-review-prose/SKILL.md","153e7b0a240c3f5e49d6128ff1797aabc368618611d895f7f152e73fbcb12fab"
"md","SKILL","core","core/v6-shims/bmad-editorial-review-structure/SKILL.md","5e45da216b00aad3955a7196df6cb8e52167f441d2dcd7c064983881691bf1e8"
"md","SKILL","core","core/v6-shims/bmad-review-adversarial-general/SKILL.md","ca1d05a05eb41ec446abd862e9afe4a88b9188a3bb93bc3e70ca68ecb8740619"
"md","SKILL","core","core/v6-shims/bmad-review-edge-case-hunter/SKILL.md","f9db1d7f58c5e3f7586c10c920d4dd9d6c6d6e2dff5cd49110ec1edb387937a1"
"md","SKILL","core","core/v6-shims/bmad-review-verification-gap/SKILL.md","4ee67cc3d7355ba05d195797cb2d57d45f9046ee31781f2d133ff3484cfb53ae"
"md","structure-models","core","core/bmad-review/references/structure-models.md","f84f85070e1af75f2482757aba9d37d69d805a20826d185527e598f2ba6b9292"
"md","synthesis","core","core/bmad-deep-recon/references/synthesis.md","4d9ef1247ab45241f919010e94c99699abc0a6e18b5bd68fa93ae54afe59d172"
"md","technical","core","core/bmad-deep-recon/types/technical.md","55f71428c70547b89d67ef0c6cdad59caeb0ee21082cd1230c05618ba8d04707"
"md","user-voice","core","core/bmad-deep-recon/types/user-voice.md","1831ce46e53e8c68244d28e336c5ef9e53e64f21a00b74a817b9b2924c1e8e72"
"md","verification","core","core/bmad-deep-recon/references/verification.md","0393ded4828fec69a4819d7236827910d641d09c3b61144c0211a9a78776fdd2"
"py","brain","core","core/bmad-brainstorming/scripts/brain.py","1c75c667fc70a85055dd19d77fb21478e190874e4a61d070c3b0971dd1bd25cc"
"py","list_customizable_skills","core","core/bmad-customize/scripts/list_customizable_skills.py","8787f542930b927789e7fdf12bc5a67ff08e19865903a5ad05ff2cc8fc426b66"
"py","pick_methods","core","core/bmad-advanced-elicitation/scripts/pick_methods.py","60020ec4767894ea3d8707c4b61e78b679d434315be1dd29154bf64d88126fff"
"py","recon_kit","core","core/bmad-deep-recon/scripts/recon_kit.py","8cb5187b5114b779532907383a013d40fdea1022bb9bed9a23bd8d0fdfa79e8c"
"py","resolve_party","core","core/bmad-party-mode/scripts/resolve_party.py","0bed5ad2139f4412699c07d571c218470901b901ca4a72b441ec9308dbc8ce74"
"py","resolve_personas","core","core/bmad-forge-idea/scripts/resolve_personas.py","b3e5f2f38de013ad878d8ac9c1d4e77d555c2d665dd6c0bc16f9f567d2bbd30c"
"py","test_brain","core","core/bmad-brainstorming/scripts/tests/test_brain.py","021c0b9fae8db859725312d50d8b304fff00ee7acc310699c35523e86bffbdd8"
"py","test_list_customizable_skills","core","core/bmad-customize/scripts/tests/test_list_customizable_skills.py","24c3d384b3b5d490b7335c17866bfe0425af253ce669c32382fa88feb705934d"
"py","test_pick_methods","core","core/bmad-advanced-elicitation/scripts/tests/test_pick_methods.py","610099d8494529f9203d7262567810b500552bcef006b3b6388d58da3da71978"
"py","test_recon_kit","core","core/bmad-deep-recon/scripts/tests/test_recon_kit.py","1b4ddf482dd2d11a214ee2f821c35d7a8c41905b5d8d9cc69a293304bb8a1665"
"py","test_resolve_party","core","core/bmad-party-mode/scripts/tests/test_resolve_party.py","bb53fe03ec3013ed96c0fb399c1948f28bcf55cb2d7727fe0189343fcaa667d5"
"py","test_resolve_personas","core","core/bmad-forge-idea/scripts/tests/test_resolve_personas.py","1c4fa4b1d68bfbd10e4b38cad3c8286dad62345cebd08fe94a6862351b02855e"
"py","test_word_metrics","core","core/bmad-review/scripts/tests/test_word_metrics.py","3b5a285d3c9f611b3cda8c9c1d52d6b214c1f72e6e64a94ea5b0e220db5a8765"
"py","word_metrics","core","core/bmad-review/scripts/word_metrics.py","fb45007a7f3cfc18d13ee8bd4787facdaae297570193bc769456297dd33da78b"
"toml","customize","core","core/bmad-advanced-elicitation/customize.toml","735a276edd51786ccfd2c3417d9a2b9dee4244a6102698981b3888f68d979ed9"
"toml","customize","core","core/bmad-brainstorming/customize.toml","21fcbc60c78db99ca0424da192ba0942dce2189f350f77838e4d3ecd501edd1c"
"toml","customize","core","core/bmad-deep-recon/customize.toml","24d1383066034fd4fcf282279aaf0d29d21910fd1247dfe3dbad74a70e78814d"
"toml","customize","core","core/bmad-forge-idea/customize.toml","ef5fadd1df3550cae00b1b442606bf84d187bfd55397563f143e1057430df45c"
"toml","customize","core","core/bmad-party-mode/customize.toml","9c6ee33cd7fdd80e4adf514c3d54636d933d5250c2ddd78041c6cfe73b745bb0"
"toml","customize","core","core/bmad-review/customize.toml","38470c888a809ee030dc11d38868bb1ac5c1d547f06d218b711be5df53385c00"
"toml","customize","core","core/v6-shims/bmad-editorial-review/customize.toml","a5c5fed539e6543121e57cc29bb65559bb6391efc806bf8759c8e29697a94a34"
"yaml","config","core","core/config.yaml","a8ab9c24de5811d0f2ca1d721afc7a14d0d87e3be9298ef32b869084657088f5"
"file",".gitignore","custom","custom/.gitignore","973b03a33f142c22cf9b65be285bebadd85790b6b55be04637d2f8c716f58fab"
"file",".gitignore","render","render/.gitignore","240a3e0d37d2e86b614063f5347eb02d4f99ca6c254de6b82871ff8d95532a7d"
"py","config_utils","scripts","scripts/config_utils.py","48afe2bc18a29201e343cce3703be1e70df9c83ee74eeb68e57ef8ef42e8c651"
"py","memlog","scripts","scripts/memlog.py","3b00f82ca33dc4227f715123b939514ee35c4f9c71150c894c3d8185df1b48df"
"py","render_skill","scripts","scripts/render_skill.py","8496d0d8b449d64c21b42a9aab3b13fc8a813a430c0695ffd84ad75bb1da7942"
"py","resolve_config","scripts","scripts/resolve_config.py","fc78866fd42862d486d4346d2b35705f916a19e6c07bb474f8add25c71734a8e"
"py","resolve_customization","scripts","scripts/resolve_customization.py","9b5124e0b781823a015a19d6cf5db52bbc34b6bab41c036fd1b3d464c2a137cd"
"csv","module-help","tea","tea/module-help.csv","0a718d289033627c467016f694801467c2a84347034e7ef27e4651d1715c17e4"
"csv","tea-index","tea","tea/agents/bmad-tea/resources/tea-index.csv","221e2ea2b9b8125d5452a9d4e05585caf7d130bfd4971b5c9160be6fc6ade3b2"
"csv","tea-index","tea","tea/workflows/testarch/bmad-testarch-atdd/resources/tea-index.csv","a663e7dddad581436cc04daa089effeef4c5fd8402d76837400dc576d783323b"
"csv","tea-index","tea","tea/workflows/testarch/bmad-testarch-automate/resources/tea-index.csv","2db07b879f1b497d2f800e43262e2414d6302533cacb1e271624f578ded4061c"
"csv","tea-index","tea","tea/workflows/testarch/bmad-testarch-ci/resources/tea-index.csv","2db07b879f1b497d2f800e43262e2414d6302533cacb1e271624f578ded4061c"
"csv","tea-index","tea","tea/workflows/testarch/bmad-testarch-framework/resources/tea-index.csv","2db07b879f1b497d2f800e43262e2414d6302533cacb1e271624f578ded4061c"
"csv","tea-index","tea","tea/workflows/testarch/bmad-testarch-nfr/resources/tea-index.csv","2db07b879f1b497d2f800e43262e2414d6302533cacb1e271624f578ded4061c"
"csv","tea-index","tea","tea/workflows/testarch/bmad-testarch-test-design/resources/tea-index.csv","2db07b879f1b497d2f800e43262e2414d6302533cacb1e271624f578ded4061c"
"csv","tea-index","tea","tea/workflows/testarch/bmad-testarch-test-review/resources/tea-index.csv","2db07b879f1b497d2f800e43262e2414d6302533cacb1e271624f578ded4061c"
"csv","tea-index","tea","tea/workflows/testarch/bmad-testarch-trace/resources/tea-index.csv","2db07b879f1b497d2f800e43262e2414d6302533cacb1e271624f578ded4061c"
"groovy","jenkins-pipeline-template","tea","tea/workflows/testarch/bmad-testarch-ci/jenkins-pipeline-template.groovy","f2b75c5ba3eda7537044909830ca674d794eaa929bcd032fcc2c523709b9bb77"
"json","live-verification-results.example","tea","tea/workflows/testarch/bmad-testarch-trace/resources/live-verification-results.example.json","4e26edafd39607ffce44eb45361b2f7516f4fad67ffcfd810bc00e04e3ccc017"
"md","adr-quality-readiness-checklist","tea","tea/agents/bmad-tea/resources/knowledge/adr-quality-readiness-checklist.md","a8129b16c3b2afbc1f58fe5edc73dc8f1291c172c6ca009d92f1947bef1a237e"
"md","adr-quality-readiness-checklist","tea","tea/workflows/testarch/bmad-testarch-atdd/resources/knowledge/adr-quality-readiness-checklist.md","a8129b16c3b2afbc1f58fe5edc73dc8f1291c172c6ca009d92f1947bef1a237e"
"md","adr-quality-readiness-checklist","tea","tea/workflows/testarch/bmad-testarch-automate/resources/knowledge/adr-quality-readiness-checklist.md","a8129b16c3b2afbc1f58fe5edc73dc8f1291c172c6ca009d92f1947bef1a237e"
"md","adr-quality-readiness-checklist","tea","tea/workflows/testarch/bmad-testarch-ci/resources/knowledge/adr-quality-readiness-checklist.md","a8129b16c3b2afbc1f58fe5edc73dc8f1291c172c6ca009d92f1947bef1a237e"
"md","adr-quality-readiness-checklist","tea","tea/workflows/testarch/bmad-testarch-framework/resources/knowledge/adr-quality-readiness-checklist.md","a8129b16c3b2afbc1f58fe5edc73dc8f1291c172c6ca009d92f1947bef1a237e"
"md","adr-quality-readiness-checklist","tea","tea/workflows/testarch/bmad-testarch-nfr/resources/knowledge/adr-quality-readiness-checklist.md","a8129b16c3b2afbc1f58fe5edc73dc8f1291c172c6ca009d92f1947bef1a237e"
"md","adr-quality-readiness-checklist","tea","tea/workflows/testarch/bmad-testarch-test-design/resources/knowledge/adr-quality-readiness-checklist.md","a8129b16c3b2afbc1f58fe5edc73dc8f1291c172c6ca009d92f1947bef1a237e"
"md","adr-quality-readiness-checklist","tea","tea/workflows/testarch/bmad-testarch-test-review/resources/knowledge/adr-quality-readiness-checklist.md","a8129b16c3b2afbc1f58fe5edc73dc8f1291c172c6ca009d92f1947bef1a237e"
"md","adr-quality-readiness-checklist","tea","tea/workflows/testarch/bmad-testarch-trace/resources/knowledge/adr-quality-readiness-checklist.md","a8129b16c3b2afbc1f58fe5edc73dc8f1291c172c6ca009d92f1947bef1a237e"
"md","api-request","tea","tea/agents/bmad-tea/resources/knowledge/api-request.md","d14f6e26151c48424d60cde5db81c0ffc8ec72eaf3357f27b4e137f222a4c4e3"
"md","api-request","tea","tea/workflows/testarch/bmad-testarch-atdd/resources/knowledge/api-request.md","d14f6e26151c48424d60cde5db81c0ffc8ec72eaf3357f27b4e137f222a4c4e3"
"md","api-request","tea","tea/workflows/testarch/bmad-testarch-automate/resources/knowledge/api-request.md","d14f6e26151c48424d60cde5db81c0ffc8ec72eaf3357f27b4e137f222a4c4e3"
"md","api-request","tea","tea/workflows/testarch/bmad-testarch-ci/resources/knowledge/api-request.md","d14f6e26151c48424d60cde5db81c0ffc8ec72eaf3357f27b4e137f222a4c4e3"
"md","api-request","tea","tea/workflows/testarch/bmad-testarch-framework/resources/knowledge/api-request.md","d14f6e26151c48424d60cde5db81c0ffc8ec72eaf3357f27b4e137f222a4c4e3"
"md","api-request","tea","tea/workflows/testarch/bmad-testarch-nfr/resources/knowledge/api-request.md","d14f6e26151c48424d60cde5db81c0ffc8ec72eaf3357f27b4e137f222a4c4e3"
"md","api-request","tea","tea/workflows/testarch/bmad-testarch-test-design/resources/knowledge/api-request.md","d14f6e26151c48424d60cde5db81c0ffc8ec72eaf3357f27b4e137f222a4c4e3"
"md","api-request","tea","tea/workflows/testarch/bmad-testarch-test-review/resources/knowledge/api-request.md","d14f6e26151c48424d60cde5db81c0ffc8ec72eaf3357f27b4e137f222a4c4e3"
"md","api-request","tea","tea/workflows/testarch/bmad-testarch-trace/resources/knowledge/api-request.md","d14f6e26151c48424d60cde5db81c0ffc8ec72eaf3357f27b4e137f222a4c4e3"
"md","api-testing-patterns","tea","tea/agents/bmad-tea/resources/knowledge/api-testing-patterns.md","4b1b7069737d4916853f1393d1cd804ce7061454ad250fb919046a78b77c2648"
"md","api-testing-patterns","tea","tea/workflows/testarch/bmad-testarch-atdd/resources/knowledge/api-testing-patterns.md","4b1b7069737d4916853f1393d1cd804ce7061454ad250fb919046a78b77c2648"
"md","api-testing-patterns","tea","tea/workflows/testarch/bmad-testarch-automate/resources/knowledge/api-testing-patterns.md","4b1b7069737d4916853f1393d1cd804ce7061454ad250fb919046a78b77c2648"
"md","api-testing-patterns","tea","tea/workflows/testarch/bmad-testarch-ci/resources/knowledge/api-testing-patterns.md","4b1b7069737d4916853f1393d1cd804ce7061454ad250fb919046a78b77c2648"
"md","api-testing-patterns","tea","tea/workflows/testarch/bmad-testarch-framework/resources/knowledge/api-testing-patterns.md","4b1b7069737d4916853f1393d1cd804ce7061454ad250fb919046a78b77c2648"
"md","api-testing-patterns","tea","tea/workflows/testarch/bmad-testarch-nfr/resources/knowledge/api-testing-patterns.md","4b1b7069737d4916853f1393d1cd804ce7061454ad250fb919046a78b77c2648"
"md","api-testing-patterns","tea","tea/workflows/testarch/bmad-testarch-test-design/resources/knowledge/api-testing-patterns.md","4b1b7069737d4916853f1393d1cd804ce7061454ad250fb919046a78b77c2648"
"md","api-testing-patterns","tea","tea/workflows/testarch/bmad-testarch-test-review/resources/knowledge/api-testing-patterns.md","4b1b7069737d4916853f1393d1cd804ce7061454ad250fb919046a78b77c2648"
"md","api-testing-patterns","tea","tea/workflows/testarch/bmad-testarch-trace/resources/knowledge/api-testing-patterns.md","4b1b7069737d4916853f1393d1cd804ce7061454ad250fb919046a78b77c2648"
"md","atdd-checklist-template","tea","tea/workflows/testarch/bmad-testarch-atdd/atdd-checklist-template.md","0e3bf28e90ebed75da01fd5a02101cf535333ddd641871c434c68455bbdeede7"
"md","auth-session","tea","tea/agents/bmad-tea/resources/knowledge/auth-session.md","2b3de2a9468caf85f0e47ba9d79b142f424b6c10e3a342c264f1cf73d2f70ddc"
"md","auth-session","tea","tea/workflows/testarch/bmad-testarch-atdd/resources/knowledge/auth-session.md","2b3de2a9468caf85f0e47ba9d79b142f424b6c10e3a342c264f1cf73d2f70ddc"
"md","auth-session","tea","tea/workflows/testarch/bmad-testarch-automate/resources/knowledge/auth-session.md","2b3de2a9468caf85f0e47ba9d79b142f424b6c10e3a342c264f1cf73d2f70ddc"
"md","auth-session","tea","tea/workflows/testarch/bmad-testarch-ci/resources/knowledge/auth-session.md","2b3de2a9468caf85f0e47ba9d79b142f424b6c10e3a342c264f1cf73d2f70ddc"
"md","auth-session","tea","tea/workflows/testarch/bmad-testarch-framework/resources/knowledge/auth-session.md","2b3de2a9468caf85f0e47ba9d79b142f424b6c10e3a342c264f1cf73d2f70ddc"
"md","auth-session","tea","tea/workflows/testarch/bmad-testarch-nfr/resources/knowledge/auth-session.md","2b3de2a9468caf85f0e47ba9d79b142f424b6c10e3a342c264f1cf73d2f70ddc"
"md","auth-session","tea","tea/workflows/testarch/bmad-testarch-test-design/resources/knowledge/auth-session.md","2b3de2a9468caf85f0e47ba9d79b142f424b6c10e3a342c264f1cf73d2f70ddc"
"md","auth-session","tea","tea/workflows/testarch/bmad-testarch-test-review/resources/knowledge/auth-session.md","2b3de2a9468caf85f0e47ba9d79b142f424b6c10e3a342c264f1cf73d2f70ddc"
"md","auth-session","tea","tea/workflows/testarch/bmad-testarch-trace/resources/knowledge/auth-session.md","2b3de2a9468caf85f0e47ba9d79b142f424b6c10e3a342c264f1cf73d2f70ddc"
"md","burn-in","tea","tea/agents/bmad-tea/resources/knowledge/burn-in.md","5ba3d2abe6b961e5bc3948ab165e801195bff3ee6e66569c00c219b484aa4b5d"
"md","burn-in","tea","tea/workflows/testarch/bmad-testarch-atdd/resources/knowledge/burn-in.md","5ba3d2abe6b961e5bc3948ab165e801195bff3ee6e66569c00c219b484aa4b5d"
"md","burn-in","tea","tea/workflows/testarch/bmad-testarch-automate/resources/knowledge/burn-in.md","5ba3d2abe6b961e5bc3948ab165e801195bff3ee6e66569c00c219b484aa4b5d"
"md","burn-in","tea","tea/workflows/testarch/bmad-testarch-ci/resources/knowledge/burn-in.md","5ba3d2abe6b961e5bc3948ab165e801195bff3ee6e66569c00c219b484aa4b5d"
"md","burn-in","tea","tea/workflows/testarch/bmad-testarch-framework/resources/knowledge/burn-in.md","5ba3d2abe6b961e5bc3948ab165e801195bff3ee6e66569c00c219b484aa4b5d"
"md","burn-in","tea","tea/workflows/testarch/bmad-testarch-nfr/resources/knowledge/burn-in.md","5ba3d2abe6b961e5bc3948ab165e801195bff3ee6e66569c00c219b484aa4b5d"
"md","burn-in","tea","tea/workflows/testarch/bmad-testarch-test-design/resources/knowledge/burn-in.md","5ba3d2abe6b961e5bc3948ab165e801195bff3ee6e66569c00c219b484aa4b5d"
"md","burn-in","tea","tea/workflows/testarch/bmad-testarch-test-review/resources/knowledge/burn-in.md","5ba3d2abe6b961e5bc3948ab165e801195bff3ee6e66569c00c219b484aa4b5d"
"md","burn-in","tea","tea/workflows/testarch/bmad-testarch-trace/resources/knowledge/burn-in.md","5ba3d2abe6b961e5bc3948ab165e801195bff3ee6e66569c00c219b484aa4b5d"
"md","checklist","tea","tea/workflows/testarch/bmad-teach-me-testing/checklist.md","43bcd41178249213f634f1963e91949174aec7e7e2d9ce251685c4cd8b7f79b1"
"md","checklist","tea","tea/workflows/testarch/bmad-testarch-atdd/checklist.md","3e4eced6eef7b926ca48b81f6bace068f00db4f9a299469d6a841f90671b4b15"
"md","checklist","tea","tea/workflows/testarch/bmad-testarch-automate/checklist.md","cd132e3d4cf6e8164d0483e3f4abaa47e3ae81684d15673868a09de8d66fe94f"
"md","checklist","tea","tea/workflows/testarch/bmad-testarch-ci/checklist.md","a8b45cb926b53b6e16419db396c6f4c21aafb9a4022698971bcbd8622e805037"
"md","checklist","tea","tea/workflows/testarch/bmad-testarch-framework/checklist.md","d882289c2e7217fea3fba03c6824a52a5c3a850094345ae8bdcec7c1088a661f"
"md","checklist","tea","tea/workflows/testarch/bmad-testarch-nfr/checklist.md","166514f484d856d3ecf67c22af666f9c7c806a77f0b503e35fa0960ca8fb6470"
"md","checklist","tea","tea/workflows/testarch/bmad-testarch-test-design/checklist.md","7b4aa0862112166437f1b4342b1d42da962d475c0bc40237d4ed2bb545e3095e"
"md","checklist","tea","tea/workflows/testarch/bmad-testarch-test-review/checklist.md","e4b43afcf364e7b08f85336ccffb862e43ec68d4aedb8c351b5b41dff13b00af"
"md","checklist","tea","tea/workflows/testarch/bmad-testarch-trace/checklist.md","db84d038c5378e5f513cca2d6cccc080fb57fdcb2d669653938ca6f09d8f69f5"
"md","ci-burn-in","tea","tea/agents/bmad-tea/resources/knowledge/ci-burn-in.md","cc9ca53c62b910872e399ec1d378542e211e70563ddbce9aba84af253e0c74ac"
"md","ci-burn-in","tea","tea/workflows/testarch/bmad-testarch-atdd/resources/knowledge/ci-burn-in.md","cc9ca53c62b910872e399ec1d378542e211e70563ddbce9aba84af253e0c74ac"
"md","ci-burn-in","tea","tea/workflows/testarch/bmad-testarch-automate/resources/knowledge/ci-burn-in.md","cc9ca53c62b910872e399ec1d378542e211e70563ddbce9aba84af253e0c74ac"
"md","ci-burn-in","tea","tea/workflows/testarch/bmad-testarch-ci/resources/knowledge/ci-burn-in.md","cc9ca53c62b910872e399ec1d378542e211e70563ddbce9aba84af253e0c74ac"
"md","ci-burn-in","tea","tea/workflows/testarch/bmad-testarch-framework/resources/knowledge/ci-burn-in.md","cc9ca53c62b910872e399ec1d378542e211e70563ddbce9aba84af253e0c74ac"
"md","ci-burn-in","tea","tea/workflows/testarch/bmad-testarch-nfr/resources/knowledge/ci-burn-in.md","cc9ca53c62b910872e399ec1d378542e211e70563ddbce9aba84af253e0c74ac"
"md","ci-burn-in","tea","tea/workflows/testarch/bmad-testarch-test-design/resources/knowledge/ci-burn-in.md","cc9ca53c62b910872e399ec1d378542e211e70563ddbce9aba84af253e0c74ac"
"md","ci-burn-in","tea","tea/workflows/testarch/bmad-testarch-test-review/resources/knowledge/ci-burn-in.md","cc9ca53c62b910872e399ec1d378542e211e70563ddbce9aba84af253e0c74ac"
"md","ci-burn-in","tea","tea/workflows/testarch/bmad-testarch-trace/resources/knowledge/ci-burn-in.md","cc9ca53c62b910872e399ec1d378542e211e70563ddbce9aba84af253e0c74ac"
"md","completion-summary-template","tea","tea/workflows/testarch/bmad-teach-me-testing/templates/completion-summary-template.md","e02592e3a124e9c8602767e0596eca928db441c40efd690835fd9c2d67e5e743"
"md","component-tdd","tea","tea/agents/bmad-tea/resources/knowledge/component-tdd.md","88bd1f9ca1d5bcd1552828845fe80b86ff3acdf071bac574eda744caf7120ef8"
"md","component-tdd","tea","tea/workflows/testarch/bmad-testarch-atdd/resources/knowledge/component-tdd.md","88bd1f9ca1d5bcd1552828845fe80b86ff3acdf071bac574eda744caf7120ef8"
"md","component-tdd","tea","tea/workflows/testarch/bmad-testarch-automate/resources/knowledge/component-tdd.md","88bd1f9ca1d5bcd1552828845fe80b86ff3acdf071bac574eda744caf7120ef8"
"md","component-tdd","tea","tea/workflows/testarch/bmad-testarch-ci/resources/knowledge/component-tdd.md","88bd1f9ca1d5bcd1552828845fe80b86ff3acdf071bac574eda744caf7120ef8"
"md","component-tdd","tea","tea/workflows/testarch/bmad-testarch-framework/resources/knowledge/component-tdd.md","88bd1f9ca1d5bcd1552828845fe80b86ff3acdf071bac574eda744caf7120ef8"
"md","component-tdd","tea","tea/workflows/testarch/bmad-testarch-nfr/resources/knowledge/component-tdd.md","88bd1f9ca1d5bcd1552828845fe80b86ff3acdf071bac574eda744caf7120ef8"
"md","component-tdd","tea","tea/workflows/testarch/bmad-testarch-test-design/resources/knowledge/component-tdd.md","88bd1f9ca1d5bcd1552828845fe80b86ff3acdf071bac574eda744caf7120ef8"
"md","component-tdd","tea","tea/workflows/testarch/bmad-testarch-test-review/resources/knowledge/component-tdd.md","88bd1f9ca1d5bcd1552828845fe80b86ff3acdf071bac574eda744caf7120ef8"
"md","component-tdd","tea","tea/workflows/testarch/bmad-testarch-trace/resources/knowledge/component-tdd.md","88bd1f9ca1d5bcd1552828845fe80b86ff3acdf071bac574eda744caf7120ef8"
"md","confidence-gate","tea","tea/agents/bmad-tea/resources/knowledge/confidence-gate.md","7f1efe0240565332e0c0cecf62e2ef1882ef8d800b9be64a6f622cee9a8fdfab"
"md","contract-testing","tea","tea/agents/bmad-tea/resources/knowledge/contract-testing.md","c24a50e9be90ac6d4c4abf7cc676530fad554af2fcdfcca7345636113cdcee49"
"md","contract-testing","tea","tea/workflows/testarch/bmad-testarch-atdd/resources/knowledge/contract-testing.md","a8bef6764ab76e4141705c0fb2f88671e07fe54d1fe70e4c972c1e491f436c8a"
"md","contract-testing","tea","tea/workflows/testarch/bmad-testarch-automate/resources/knowledge/contract-testing.md","4aabf869866b48642e80534e7ac68681b95cf143e57ea7f88379f106689208d5"
"md","contract-testing","tea","tea/workflows/testarch/bmad-testarch-ci/resources/knowledge/contract-testing.md","4aabf869866b48642e80534e7ac68681b95cf143e57ea7f88379f106689208d5"
"md","contract-testing","tea","tea/workflows/testarch/bmad-testarch-framework/resources/knowledge/contract-testing.md","4aabf869866b48642e80534e7ac68681b95cf143e57ea7f88379f106689208d5"
"md","contract-testing","tea","tea/workflows/testarch/bmad-testarch-nfr/resources/knowledge/contract-testing.md","4aabf869866b48642e80534e7ac68681b95cf143e57ea7f88379f106689208d5"
"md","contract-testing","tea","tea/workflows/testarch/bmad-testarch-test-design/resources/knowledge/contract-testing.md","4aabf869866b48642e80534e7ac68681b95cf143e57ea7f88379f106689208d5"
"md","contract-testing","tea","tea/workflows/testarch/bmad-testarch-test-review/resources/knowledge/contract-testing.md","4aabf869866b48642e80534e7ac68681b95cf143e57ea7f88379f106689208d5"
"md","contract-testing","tea","tea/workflows/testarch/bmad-testarch-trace/resources/knowledge/contract-testing.md","4aabf869866b48642e80534e7ac68681b95cf143e57ea7f88379f106689208d5"
"md","criteria-registry","tea","tea/workflows/testarch/bmad-testarch-test-review/steps-c/criteria-registry.md","9a865ecd915e087c8687553a76d2e9d3ac45625c23ffd988f66046eeddba2e38"
"md","data-factories","tea","tea/agents/bmad-tea/resources/knowledge/data-factories.md","d7428fe7675da02b6f5c4c03213fc5e542063f61ab033efb47c1c5669b835d88"
"md","data-factories","tea","tea/workflows/testarch/bmad-testarch-atdd/resources/knowledge/data-factories.md","d7428fe7675da02b6f5c4c03213fc5e542063f61ab033efb47c1c5669b835d88"
"md","data-factories","tea","tea/workflows/testarch/bmad-testarch-automate/resources/knowledge/data-factories.md","d7428fe7675da02b6f5c4c03213fc5e542063f61ab033efb47c1c5669b835d88"
"md","data-factories","tea","tea/workflows/testarch/bmad-testarch-ci/resources/knowledge/data-factories.md","d7428fe7675da02b6f5c4c03213fc5e542063f61ab033efb47c1c5669b835d88"
"md","data-factories","tea","tea/workflows/testarch/bmad-testarch-framework/resources/knowledge/data-factories.md","d7428fe7675da02b6f5c4c03213fc5e542063f61ab033efb47c1c5669b835d88"
"md","data-factories","tea","tea/workflows/testarch/bmad-testarch-nfr/resources/knowledge/data-factories.md","d7428fe7675da02b6f5c4c03213fc5e542063f61ab033efb47c1c5669b835d88"
"md","data-factories","tea","tea/workflows/testarch/bmad-testarch-test-design/resources/knowledge/data-factories.md","d7428fe7675da02b6f5c4c03213fc5e542063f61ab033efb47c1c5669b835d88"
"md","data-factories","tea","tea/workflows/testarch/bmad-testarch-test-review/resources/knowledge/data-factories.md","d7428fe7675da02b6f5c4c03213fc5e542063f61ab033efb47c1c5669b835d88"
"md","data-factories","tea","tea/workflows/testarch/bmad-testarch-trace/resources/knowledge/data-factories.md","d7428fe7675da02b6f5c4c03213fc5e542063f61ab033efb47c1c5669b835d88"
"md","email-auth","tea","tea/agents/bmad-tea/resources/knowledge/email-auth.md","43f4cc3138a905a91f4a69f358be6664a790b192811b4dfc238188e826f6b41b"
"md","email-auth","tea","tea/workflows/testarch/bmad-testarch-atdd/resources/knowledge/email-auth.md","43f4cc3138a905a91f4a69f358be6664a790b192811b4dfc238188e826f6b41b"
"md","email-auth","tea","tea/workflows/testarch/bmad-testarch-automate/resources/knowledge/email-auth.md","43f4cc3138a905a91f4a69f358be6664a790b192811b4dfc238188e826f6b41b"
"md","email-auth","tea","tea/workflows/testarch/bmad-testarch-ci/resources/knowledge/email-auth.md","43f4cc3138a905a91f4a69f358be6664a790b192811b4dfc238188e826f6b41b"
"md","email-auth","tea","tea/workflows/testarch/bmad-testarch-framework/resources/knowledge/email-auth.md","43f4cc3138a905a91f4a69f358be6664a790b192811b4dfc238188e826f6b41b"
"md","email-auth","tea","tea/workflows/testarch/bmad-testarch-nfr/resources/knowledge/email-auth.md","43f4cc3138a905a91f4a69f358be6664a790b192811b4dfc238188e826f6b41b"
"md","email-auth","tea","tea/workflows/testarch/bmad-testarch-test-design/resources/knowledge/email-auth.md","43f4cc3138a905a91f4a69f358be6664a790b192811b4dfc238188e826f6b41b"
"md","email-auth","tea","tea/workflows/testarch/bmad-testarch-test-review/resources/knowledge/email-auth.md","43f4cc3138a905a91f4a69f358be6664a790b192811b4dfc238188e826f6b41b"
"md","email-auth","tea","tea/workflows/testarch/bmad-testarch-trace/resources/knowledge/email-auth.md","43f4cc3138a905a91f4a69f358be6664a790b192811b4dfc238188e826f6b41b"
"md","error-handling","tea","tea/agents/bmad-tea/resources/knowledge/error-handling.md","38975ebe2655b4d85035d8e740aef63fdef63dc31f9acf530142788060f62153"
"md","error-handling","tea","tea/workflows/testarch/bmad-testarch-atdd/resources/knowledge/error-handling.md","38975ebe2655b4d85035d8e740aef63fdef63dc31f9acf530142788060f62153"
"md","error-handling","tea","tea/workflows/testarch/bmad-testarch-automate/resources/knowledge/error-handling.md","38975ebe2655b4d85035d8e740aef63fdef63dc31f9acf530142788060f62153"
"md","error-handling","tea","tea/workflows/testarch/bmad-testarch-ci/resources/knowledge/error-handling.md","38975ebe2655b4d85035d8e740aef63fdef63dc31f9acf530142788060f62153"
"md","error-handling","tea","tea/workflows/testarch/bmad-testarch-framework/resources/knowledge/error-handling.md","38975ebe2655b4d85035d8e740aef63fdef63dc31f9acf530142788060f62153"
"md","error-handling","tea","tea/workflows/testarch/bmad-testarch-nfr/resources/knowledge/error-handling.md","38975ebe2655b4d85035d8e740aef63fdef63dc31f9acf530142788060f62153"
"md","error-handling","tea","tea/workflows/testarch/bmad-testarch-test-design/resources/knowledge/error-handling.md","38975ebe2655b4d85035d8e740aef63fdef63dc31f9acf530142788060f62153"
"md","error-handling","tea","tea/workflows/testarch/bmad-testarch-test-review/resources/knowledge/error-handling.md","38975ebe2655b4d85035d8e740aef63fdef63dc31f9acf530142788060f62153"
"md","error-handling","tea","tea/workflows/testarch/bmad-testarch-trace/resources/knowledge/error-handling.md","38975ebe2655b4d85035d8e740aef63fdef63dc31f9acf530142788060f62153"
"md","feature-flags","tea","tea/agents/bmad-tea/resources/knowledge/feature-flags.md","5b3cf037169719e69d468ff2ecfc94711bc41fd3e330c6f81a404163bb09fdba"
"md","feature-flags","tea","tea/workflows/testarch/bmad-testarch-atdd/resources/knowledge/feature-flags.md","5b3cf037169719e69d468ff2ecfc94711bc41fd3e330c6f81a404163bb09fdba"
"md","feature-flags","tea","tea/workflows/testarch/bmad-testarch-automate/resources/knowledge/feature-flags.md","5b3cf037169719e69d468ff2ecfc94711bc41fd3e330c6f81a404163bb09fdba"
"md","feature-flags","tea","tea/workflows/testarch/bmad-testarch-ci/resources/knowledge/feature-flags.md","5b3cf037169719e69d468ff2ecfc94711bc41fd3e330c6f81a404163bb09fdba"
"md","feature-flags","tea","tea/workflows/testarch/bmad-testarch-framework/resources/knowledge/feature-flags.md","5b3cf037169719e69d468ff2ecfc94711bc41fd3e330c6f81a404163bb09fdba"
"md","feature-flags","tea","tea/workflows/testarch/bmad-testarch-nfr/resources/knowledge/feature-flags.md","5b3cf037169719e69d468ff2ecfc94711bc41fd3e330c6f81a404163bb09fdba"
"md","feature-flags","tea","tea/workflows/testarch/bmad-testarch-test-design/resources/knowledge/feature-flags.md","5b3cf037169719e69d468ff2ecfc94711bc41fd3e330c6f81a404163bb09fdba"
"md","feature-flags","tea","tea/workflows/testarch/bmad-testarch-test-review/resources/knowledge/feature-flags.md","5b3cf037169719e69d468ff2ecfc94711bc41fd3e330c6f81a404163bb09fdba"
"md","feature-flags","tea","tea/workflows/testarch/bmad-testarch-trace/resources/knowledge/feature-flags.md","5b3cf037169719e69d468ff2ecfc94711bc41fd3e330c6f81a404163bb09fdba"
"md","file-utils","tea","tea/agents/bmad-tea/resources/knowledge/file-utils.md","7d1092930118fb160b9c0a4a48c398d9b08bb909d1e2432662d8e81e1e3b0087"
"md","file-utils","tea","tea/workflows/testarch/bmad-testarch-atdd/resources/knowledge/file-utils.md","7d1092930118fb160b9c0a4a48c398d9b08bb909d1e2432662d8e81e1e3b0087"
"md","file-utils","tea","tea/workflows/testarch/bmad-testarch-automate/resources/knowledge/file-utils.md","7d1092930118fb160b9c0a4a48c398d9b08bb909d1e2432662d8e81e1e3b0087"
"md","file-utils","tea","tea/workflows/testarch/bmad-testarch-ci/resources/knowledge/file-utils.md","7d1092930118fb160b9c0a4a48c398d9b08bb909d1e2432662d8e81e1e3b0087"
"md","file-utils","tea","tea/workflows/testarch/bmad-testarch-framework/resources/knowledge/file-utils.md","7d1092930118fb160b9c0a4a48c398d9b08bb909d1e2432662d8e81e1e3b0087"
"md","file-utils","tea","tea/workflows/testarch/bmad-testarch-nfr/resources/knowledge/file-utils.md","7d1092930118fb160b9c0a4a48c398d9b08bb909d1e2432662d8e81e1e3b0087"
"md","file-utils","tea","tea/workflows/testarch/bmad-testarch-test-design/resources/knowledge/file-utils.md","7d1092930118fb160b9c0a4a48c398d9b08bb909d1e2432662d8e81e1e3b0087"
"md","file-utils","tea","tea/workflows/testarch/bmad-testarch-test-review/resources/knowledge/file-utils.md","7d1092930118fb160b9c0a4a48c398d9b08bb909d1e2432662d8e81e1e3b0087"
"md","file-utils","tea","tea/workflows/testarch/bmad-testarch-trace/resources/knowledge/file-utils.md","7d1092930118fb160b9c0a4a48c398d9b08bb909d1e2432662d8e81e1e3b0087"
"md","fixture-architecture","tea","tea/agents/bmad-tea/resources/knowledge/fixture-architecture.md","c0c62381e7a0385fe0d8b59861a3756994d3bbc673e4605ded9607d5217c7e55"
"md","fixture-architecture","tea","tea/workflows/testarch/bmad-testarch-atdd/resources/knowledge/fixture-architecture.md","c0c62381e7a0385fe0d8b59861a3756994d3bbc673e4605ded9607d5217c7e55"
"md","fixture-architecture","tea","tea/workflows/testarch/bmad-testarch-automate/resources/knowledge/fixture-architecture.md","c0c62381e7a0385fe0d8b59861a3756994d3bbc673e4605ded9607d5217c7e55"
"md","fixture-architecture","tea","tea/workflows/testarch/bmad-testarch-ci/resources/knowledge/fixture-architecture.md","c0c62381e7a0385fe0d8b59861a3756994d3bbc673e4605ded9607d5217c7e55"
"md","fixture-architecture","tea","tea/workflows/testarch/bmad-testarch-framework/resources/knowledge/fixture-architecture.md","c0c62381e7a0385fe0d8b59861a3756994d3bbc673e4605ded9607d5217c7e55"
"md","fixture-architecture","tea","tea/workflows/testarch/bmad-testarch-nfr/resources/knowledge/fixture-architecture.md","c0c62381e7a0385fe0d8b59861a3756994d3bbc673e4605ded9607d5217c7e55"
"md","fixture-architecture","tea","tea/workflows/testarch/bmad-testarch-test-design/resources/knowledge/fixture-architecture.md","c0c62381e7a0385fe0d8b59861a3756994d3bbc673e4605ded9607d5217c7e55"
"md","fixture-architecture","tea","tea/workflows/testarch/bmad-testarch-test-review/resources/knowledge/fixture-architecture.md","c0c62381e7a0385fe0d8b59861a3756994d3bbc673e4605ded9607d5217c7e55"
"md","fixture-architecture","tea","tea/workflows/testarch/bmad-testarch-trace/resources/knowledge/fixture-architecture.md","c0c62381e7a0385fe0d8b59861a3756994d3bbc673e4605ded9607d5217c7e55"
"md","fixtures-composition","tea","tea/agents/bmad-tea/resources/knowledge/fixtures-composition.md","8e57a897663a272fd603026aeec76941543c1e09d129e377846726fd405f3a5a"
"md","fixtures-composition","tea","tea/workflows/testarch/bmad-testarch-atdd/resources/knowledge/fixtures-composition.md","8e57a897663a272fd603026aeec76941543c1e09d129e377846726fd405f3a5a"
"md","fixtures-composition","tea","tea/workflows/testarch/bmad-testarch-automate/resources/knowledge/fixtures-composition.md","8e57a897663a272fd603026aeec76941543c1e09d129e377846726fd405f3a5a"
"md","fixtures-composition","tea","tea/workflows/testarch/bmad-testarch-ci/resources/knowledge/fixtures-composition.md","8e57a897663a272fd603026aeec76941543c1e09d129e377846726fd405f3a5a"
"md","fixtures-composition","tea","tea/workflows/testarch/bmad-testarch-framework/resources/knowledge/fixtures-composition.md","8e57a897663a272fd603026aeec76941543c1e09d129e377846726fd405f3a5a"
"md","fixtures-composition","tea","tea/workflows/testarch/bmad-testarch-nfr/resources/knowledge/fixtures-composition.md","8e57a897663a272fd603026aeec76941543c1e09d129e377846726fd405f3a5a"
"md","fixtures-composition","tea","tea/workflows/testarch/bmad-testarch-test-design/resources/knowledge/fixtures-composition.md","8e57a897663a272fd603026aeec76941543c1e09d129e377846726fd405f3a5a"
"md","fixtures-composition","tea","tea/workflows/testarch/bmad-testarch-test-review/resources/knowledge/fixtures-composition.md","8e57a897663a272fd603026aeec76941543c1e09d129e377846726fd405f3a5a"
"md","fixtures-composition","tea","tea/workflows/testarch/bmad-testarch-trace/resources/knowledge/fixtures-composition.md","8e57a897663a272fd603026aeec76941543c1e09d129e377846726fd405f3a5a"
"md","instructions","tea","tea/workflows/testarch/bmad-teach-me-testing/instructions.md","58dc28f90094b0ca87d7ac5a299878849f75a17c861145797d65ac6ae5eeff9f"
"md","instructions","tea","tea/workflows/testarch/bmad-testarch-atdd/instructions.md","930807db5daa3a366fa9c5644a99ebae8018dce5c15fe87a6bc85506fff141bb"
"md","instructions","tea","tea/workflows/testarch/bmad-testarch-automate/instructions.md","75fa59f76165af6a4279e4a39c754b97dbd9ce17eec6b71672d126edec974d51"
"md","instructions","tea","tea/workflows/testarch/bmad-testarch-ci/instructions.md","cd8905705533b59d860b40bcac0f1f2769369ede753a2ca91fe722e6f7b42cdc"
"md","instructions","tea","tea/workflows/testarch/bmad-testarch-framework/instructions.md","767733b4bbfcd8d1da152fa4daec859d4a4966a1df862a25369fba0d58fac7c5"
"md","instructions","tea","tea/workflows/testarch/bmad-testarch-nfr/instructions.md","e1b76e269125ddbf076c31101795a9f097f6cc38305dac0a0df280549eff1700"
"md","instructions","tea","tea/workflows/testarch/bmad-testarch-test-design/instructions.md","642ee8fa5895afa818894df00227e49cc7692ac4f6b2453bc5f9e9bb66ec6a7d"
"md","instructions","tea","tea/workflows/testarch/bmad-testarch-test-review/instructions.md","8011cbde48324b8c072b05d5cb8ec48e2dd69a1390560f38a5fbcb9f1786e38b"
"md","instructions","tea","tea/workflows/testarch/bmad-testarch-trace/instructions.md","da34be7e45033cd88c6123a9be21e6e0db0ab5342ef64342fa62cef376b92f20"
"md","intercept-network-call","tea","tea/agents/bmad-tea/resources/knowledge/intercept-network-call.md","ac8213cc28a9f9c452a6fb419356dd1d66ce495d7f29d188fcb1bb51456ba869"
"md","intercept-network-call","tea","tea/workflows/testarch/bmad-testarch-atdd/resources/knowledge/intercept-network-call.md","ac8213cc28a9f9c452a6fb419356dd1d66ce495d7f29d188fcb1bb51456ba869"
"md","intercept-network-call","tea","tea/workflows/testarch/bmad-testarch-automate/resources/knowledge/intercept-network-call.md","ac8213cc28a9f9c452a6fb419356dd1d66ce495d7f29d188fcb1bb51456ba869"
"md","intercept-network-call","tea","tea/workflows/testarch/bmad-testarch-ci/resources/knowledge/intercept-network-call.md","ac8213cc28a9f9c452a6fb419356dd1d66ce495d7f29d188fcb1bb51456ba869"
"md","intercept-network-call","tea","tea/workflows/testarch/bmad-testarch-framework/resources/knowledge/intercept-network-call.md","ac8213cc28a9f9c452a6fb419356dd1d66ce495d7f29d188fcb1bb51456ba869"
"md","intercept-network-call","tea","tea/workflows/testarch/bmad-testarch-nfr/resources/knowledge/intercept-network-call.md","ac8213cc28a9f9c452a6fb419356dd1d66ce495d7f29d188fcb1bb51456ba869"
"md","intercept-network-call","tea","tea/workflows/testarch/bmad-testarch-test-design/resources/knowledge/intercept-network-call.md","ac8213cc28a9f9c452a6fb419356dd1d66ce495d7f29d188fcb1bb51456ba869"
"md","intercept-network-call","tea","tea/workflows/testarch/bmad-testarch-test-review/resources/knowledge/intercept-network-call.md","ac8213cc28a9f9c452a6fb419356dd1d66ce495d7f29d188fcb1bb51456ba869"
"md","intercept-network-call","tea","tea/workflows/testarch/bmad-testarch-trace/resources/knowledge/intercept-network-call.md","ac8213cc28a9f9c452a6fb419356dd1d66ce495d7f29d188fcb1bb51456ba869"
"md","log","tea","tea/agents/bmad-tea/resources/knowledge/log.md","54b09992275e1ab361bf109b342a7d487cbb5bafa4e9cc48b320a1a5eb11857f"
"md","log","tea","tea/workflows/testarch/bmad-testarch-atdd/resources/knowledge/log.md","54b09992275e1ab361bf109b342a7d487cbb5bafa4e9cc48b320a1a5eb11857f"
"md","log","tea","tea/workflows/testarch/bmad-testarch-automate/resources/knowledge/log.md","54b09992275e1ab361bf109b342a7d487cbb5bafa4e9cc48b320a1a5eb11857f"
"md","log","tea","tea/workflows/testarch/bmad-testarch-ci/resources/knowledge/log.md","54b09992275e1ab361bf109b342a7d487cbb5bafa4e9cc48b320a1a5eb11857f"
"md","log","tea","tea/workflows/testarch/bmad-testarch-framework/resources/knowledge/log.md","54b09992275e1ab361bf109b342a7d487cbb5bafa4e9cc48b320a1a5eb11857f"
"md","log","tea","tea/workflows/testarch/bmad-testarch-nfr/resources/knowledge/log.md","54b09992275e1ab361bf109b342a7d487cbb5bafa4e9cc48b320a1a5eb11857f"
"md","log","tea","tea/workflows/testarch/bmad-testarch-test-design/resources/knowledge/log.md","54b09992275e1ab361bf109b342a7d487cbb5bafa4e9cc48b320a1a5eb11857f"
"md","log","tea","tea/workflows/testarch/bmad-testarch-test-review/resources/knowledge/log.md","54b09992275e1ab361bf109b342a7d487cbb5bafa4e9cc48b320a1a5eb11857f"
"md","log","tea","tea/workflows/testarch/bmad-testarch-trace/resources/knowledge/log.md","54b09992275e1ab361bf109b342a7d487cbb5bafa4e9cc48b320a1a5eb11857f"
"md","maestro-flows","tea","tea/agents/bmad-tea/resources/knowledge/maestro-flows.md","c6a36d7023d8bc2b5a947bb0afdb6045b15652f4358336c6e8e8e3b3185499f7"
"md","maestro-flows","tea","tea/workflows/testarch/bmad-testarch-atdd/resources/knowledge/maestro-flows.md","c6a36d7023d8bc2b5a947bb0afdb6045b15652f4358336c6e8e8e3b3185499f7"
"md","maestro-flows","tea","tea/workflows/testarch/bmad-testarch-automate/resources/knowledge/maestro-flows.md","c6a36d7023d8bc2b5a947bb0afdb6045b15652f4358336c6e8e8e3b3185499f7"
"md","maestro-flows","tea","tea/workflows/testarch/bmad-testarch-ci/resources/knowledge/maestro-flows.md","c6a36d7023d8bc2b5a947bb0afdb6045b15652f4358336c6e8e8e3b3185499f7"
"md","maestro-flows","tea","tea/workflows/testarch/bmad-testarch-framework/resources/knowledge/maestro-flows.md","c6a36d7023d8bc2b5a947bb0afdb6045b15652f4358336c6e8e8e3b3185499f7"
"md","maestro-flows","tea","tea/workflows/testarch/bmad-testarch-nfr/resources/knowledge/maestro-flows.md","c6a36d7023d8bc2b5a947bb0afdb6045b15652f4358336c6e8e8e3b3185499f7"
"md","maestro-flows","tea","tea/workflows/testarch/bmad-testarch-test-design/resources/knowledge/maestro-flows.md","c6a36d7023d8bc2b5a947bb0afdb6045b15652f4358336c6e8e8e3b3185499f7"
"md","maestro-flows","tea","tea/workflows/testarch/bmad-testarch-test-review/resources/knowledge/maestro-flows.md","c6a36d7023d8bc2b5a947bb0afdb6045b15652f4358336c6e8e8e3b3185499f7"
"md","maestro-flows","tea","tea/workflows/testarch/bmad-testarch-trace/resources/knowledge/maestro-flows.md","c6a36d7023d8bc2b5a947bb0afdb6045b15652f4358336c6e8e8e3b3185499f7"
"md","mobile-test-strategy","tea","tea/agents/bmad-tea/resources/knowledge/mobile-test-strategy.md","7d19bfc56b49f44c75002dcdf35e040ebb5eb9f4fe4740e5332d7531870d1b4b"
"md","mobile-test-strategy","tea","tea/workflows/testarch/bmad-testarch-atdd/resources/knowledge/mobile-test-strategy.md","7d19bfc56b49f44c75002dcdf35e040ebb5eb9f4fe4740e5332d7531870d1b4b"
"md","mobile-test-strategy","tea","tea/workflows/testarch/bmad-testarch-automate/resources/knowledge/mobile-test-strategy.md","7d19bfc56b49f44c75002dcdf35e040ebb5eb9f4fe4740e5332d7531870d1b4b"
"md","mobile-test-strategy","tea","tea/workflows/testarch/bmad-testarch-ci/resources/knowledge/mobile-test-strategy.md","7d19bfc56b49f44c75002dcdf35e040ebb5eb9f4fe4740e5332d7531870d1b4b"
"md","mobile-test-strategy","tea","tea/workflows/testarch/bmad-testarch-framework/resources/knowledge/mobile-test-strategy.md","7d19bfc56b49f44c75002dcdf35e040ebb5eb9f4fe4740e5332d7531870d1b4b"
"md","mobile-test-strategy","tea","tea/workflows/testarch/bmad-testarch-nfr/resources/knowledge/mobile-test-strategy.md","7d19bfc56b49f44c75002dcdf35e040ebb5eb9f4fe4740e5332d7531870d1b4b"
"md","mobile-test-strategy","tea","tea/workflows/testarch/bmad-testarch-test-design/resources/knowledge/mobile-test-strategy.md","7d19bfc56b49f44c75002dcdf35e040ebb5eb9f4fe4740e5332d7531870d1b4b"
"md","mobile-test-strategy","tea","tea/workflows/testarch/bmad-testarch-test-review/resources/knowledge/mobile-test-strategy.md","7d19bfc56b49f44c75002dcdf35e040ebb5eb9f4fe4740e5332d7531870d1b4b"
"md","mobile-test-strategy","tea","tea/workflows/testarch/bmad-testarch-trace/resources/knowledge/mobile-test-strategy.md","7d19bfc56b49f44c75002dcdf35e040ebb5eb9f4fe4740e5332d7531870d1b4b"
"md","network-error-monitor","tea","tea/agents/bmad-tea/resources/knowledge/network-error-monitor.md","c9041fd4af8162580a12c7adad79fdf7539fae7d6717fe7dace05e851c1b734c"
"md","network-error-monitor","tea","tea/workflows/testarch/bmad-testarch-atdd/resources/knowledge/network-error-monitor.md","c9041fd4af8162580a12c7adad79fdf7539fae7d6717fe7dace05e851c1b734c"
"md","network-error-monitor","tea","tea/workflows/testarch/bmad-testarch-automate/resources/knowledge/network-error-monitor.md","c9041fd4af8162580a12c7adad79fdf7539fae7d6717fe7dace05e851c1b734c"
"md","network-error-monitor","tea","tea/workflows/testarch/bmad-testarch-ci/resources/knowledge/network-error-monitor.md","c9041fd4af8162580a12c7adad79fdf7539fae7d6717fe7dace05e851c1b734c"
"md","network-error-monitor","tea","tea/workflows/testarch/bmad-testarch-framework/resources/knowledge/network-error-monitor.md","c9041fd4af8162580a12c7adad79fdf7539fae7d6717fe7dace05e851c1b734c"
"md","network-error-monitor","tea","tea/workflows/testarch/bmad-testarch-nfr/resources/knowledge/network-error-monitor.md","c9041fd4af8162580a12c7adad79fdf7539fae7d6717fe7dace05e851c1b734c"
"md","network-error-monitor","tea","tea/workflows/testarch/bmad-testarch-test-design/resources/knowledge/network-error-monitor.md","c9041fd4af8162580a12c7adad79fdf7539fae7d6717fe7dace05e851c1b734c"
"md","network-error-monitor","tea","tea/workflows/testarch/bmad-testarch-test-review/resources/knowledge/network-error-monitor.md","c9041fd4af8162580a12c7adad79fdf7539fae7d6717fe7dace05e851c1b734c"
"md","network-error-monitor","tea","tea/workflows/testarch/bmad-testarch-trace/resources/knowledge/network-error-monitor.md","c9041fd4af8162580a12c7adad79fdf7539fae7d6717fe7dace05e851c1b734c"
"md","network-first","tea","tea/agents/bmad-tea/resources/knowledge/network-first.md","2920e58e145626f5505bcb75e263dbd0e6ac79a8c4c2ec138f5329e06a6ac014"
"md","network-first","tea","tea/workflows/testarch/bmad-testarch-atdd/resources/knowledge/network-first.md","2920e58e145626f5505bcb75e263dbd0e6ac79a8c4c2ec138f5329e06a6ac014"
"md","network-first","tea","tea/workflows/testarch/bmad-testarch-automate/resources/knowledge/network-first.md","2920e58e145626f5505bcb75e263dbd0e6ac79a8c4c2ec138f5329e06a6ac014"
"md","network-first","tea","tea/workflows/testarch/bmad-testarch-ci/resources/knowledge/network-first.md","2920e58e145626f5505bcb75e263dbd0e6ac79a8c4c2ec138f5329e06a6ac014"
"md","network-first","tea","tea/workflows/testarch/bmad-testarch-framework/resources/knowledge/network-first.md","2920e58e145626f5505bcb75e263dbd0e6ac79a8c4c2ec138f5329e06a6ac014"
"md","network-first","tea","tea/workflows/testarch/bmad-testarch-nfr/resources/knowledge/network-first.md","2920e58e145626f5505bcb75e263dbd0e6ac79a8c4c2ec138f5329e06a6ac014"
"md","network-first","tea","tea/workflows/testarch/bmad-testarch-test-design/resources/knowledge/network-first.md","2920e58e145626f5505bcb75e263dbd0e6ac79a8c4c2ec138f5329e06a6ac014"
"md","network-first","tea","tea/workflows/testarch/bmad-testarch-test-review/resources/knowledge/network-first.md","2920e58e145626f5505bcb75e263dbd0e6ac79a8c4c2ec138f5329e06a6ac014"
"md","network-first","tea","tea/workflows/testarch/bmad-testarch-trace/resources/knowledge/network-first.md","2920e58e145626f5505bcb75e263dbd0e6ac79a8c4c2ec138f5329e06a6ac014"
"md","network-recorder","tea","tea/agents/bmad-tea/resources/knowledge/network-recorder.md","6ae5ee35a9f1816dc4bf7c4573f6be931a16567d697ff463867819cc39a3268d"
"md","network-recorder","tea","tea/workflows/testarch/bmad-testarch-atdd/resources/knowledge/network-recorder.md","6ae5ee35a9f1816dc4bf7c4573f6be931a16567d697ff463867819cc39a3268d"
"md","network-recorder","tea","tea/workflows/testarch/bmad-testarch-automate/resources/knowledge/network-recorder.md","6ae5ee35a9f1816dc4bf7c4573f6be931a16567d697ff463867819cc39a3268d"
"md","network-recorder","tea","tea/workflows/testarch/bmad-testarch-ci/resources/knowledge/network-recorder.md","6ae5ee35a9f1816dc4bf7c4573f6be931a16567d697ff463867819cc39a3268d"
"md","network-recorder","tea","tea/workflows/testarch/bmad-testarch-framework/resources/knowledge/network-recorder.md","6ae5ee35a9f1816dc4bf7c4573f6be931a16567d697ff463867819cc39a3268d"
"md","network-recorder","tea","tea/workflows/testarch/bmad-testarch-nfr/resources/knowledge/network-recorder.md","6ae5ee35a9f1816dc4bf7c4573f6be931a16567d697ff463867819cc39a3268d"
"md","network-recorder","tea","tea/workflows/testarch/bmad-testarch-test-design/resources/knowledge/network-recorder.md","6ae5ee35a9f1816dc4bf7c4573f6be931a16567d697ff463867819cc39a3268d"
"md","network-recorder","tea","tea/workflows/testarch/bmad-testarch-test-review/resources/knowledge/network-recorder.md","6ae5ee35a9f1816dc4bf7c4573f6be931a16567d697ff463867819cc39a3268d"
"md","network-recorder","tea","tea/workflows/testarch/bmad-testarch-trace/resources/knowledge/network-recorder.md","6ae5ee35a9f1816dc4bf7c4573f6be931a16567d697ff463867819cc39a3268d"
"md","nfr-criteria","tea","tea/agents/bmad-tea/resources/knowledge/nfr-criteria.md","e63cee4a0193e4858c8f70ff33a497a1b97d13a69da66f60ed5c9a9853025aa1"
"md","nfr-criteria","tea","tea/workflows/testarch/bmad-testarch-atdd/resources/knowledge/nfr-criteria.md","e63cee4a0193e4858c8f70ff33a497a1b97d13a69da66f60ed5c9a9853025aa1"
"md","nfr-criteria","tea","tea/workflows/testarch/bmad-testarch-automate/resources/knowledge/nfr-criteria.md","e63cee4a0193e4858c8f70ff33a497a1b97d13a69da66f60ed5c9a9853025aa1"
"md","nfr-criteria","tea","tea/workflows/testarch/bmad-testarch-ci/resources/knowledge/nfr-criteria.md","e63cee4a0193e4858c8f70ff33a497a1b97d13a69da66f60ed5c9a9853025aa1"
"md","nfr-criteria","tea","tea/workflows/testarch/bmad-testarch-framework/resources/knowledge/nfr-criteria.md","e63cee4a0193e4858c8f70ff33a497a1b97d13a69da66f60ed5c9a9853025aa1"
"md","nfr-criteria","tea","tea/workflows/testarch/bmad-testarch-nfr/resources/knowledge/nfr-criteria.md","e63cee4a0193e4858c8f70ff33a497a1b97d13a69da66f60ed5c9a9853025aa1"
"md","nfr-criteria","tea","tea/workflows/testarch/bmad-testarch-test-design/resources/knowledge/nfr-criteria.md","e63cee4a0193e4858c8f70ff33a497a1b97d13a69da66f60ed5c9a9853025aa1"
"md","nfr-criteria","tea","tea/workflows/testarch/bmad-testarch-test-review/resources/knowledge/nfr-criteria.md","e63cee4a0193e4858c8f70ff33a497a1b97d13a69da66f60ed5c9a9853025aa1"
"md","nfr-criteria","tea","tea/workflows/testarch/bmad-testarch-trace/resources/knowledge/nfr-criteria.md","e63cee4a0193e4858c8f70ff33a497a1b97d13a69da66f60ed5c9a9853025aa1"
"md","nfr-report-template","tea","tea/workflows/testarch/bmad-testarch-nfr/nfr-report-template.md","bac4dd1fa28cf23fbe8018baf703f8faf82012577ab39c49b0dbdcda9062aeb0"
"md","overview","tea","tea/agents/bmad-tea/resources/knowledge/overview.md","25ca75c93fbcef398c7ec7a201ece881f6f3a15f86cfc0a19a04b90a2c6dddbf"
"md","overview","tea","tea/workflows/testarch/bmad-testarch-atdd/resources/knowledge/overview.md","25ca75c93fbcef398c7ec7a201ece881f6f3a15f86cfc0a19a04b90a2c6dddbf"
"md","overview","tea","tea/workflows/testarch/bmad-testarch-automate/resources/knowledge/overview.md","25ca75c93fbcef398c7ec7a201ece881f6f3a15f86cfc0a19a04b90a2c6dddbf"
"md","overview","tea","tea/workflows/testarch/bmad-testarch-ci/resources/knowledge/overview.md","25ca75c93fbcef398c7ec7a201ece881f6f3a15f86cfc0a19a04b90a2c6dddbf"
"md","overview","tea","tea/workflows/testarch/bmad-testarch-framework/resources/knowledge/overview.md","25ca75c93fbcef398c7ec7a201ece881f6f3a15f86cfc0a19a04b90a2c6dddbf"
"md","overview","tea","tea/workflows/testarch/bmad-testarch-nfr/resources/knowledge/overview.md","25ca75c93fbcef398c7ec7a201ece881f6f3a15f86cfc0a19a04b90a2c6dddbf"
"md","overview","tea","tea/workflows/testarch/bmad-testarch-test-design/resources/knowledge/overview.md","25ca75c93fbcef398c7ec7a201ece881f6f3a15f86cfc0a19a04b90a2c6dddbf"
"md","overview","tea","tea/workflows/testarch/bmad-testarch-test-review/resources/knowledge/overview.md","25ca75c93fbcef398c7ec7a201ece881f6f3a15f86cfc0a19a04b90a2c6dddbf"
"md","overview","tea","tea/workflows/testarch/bmad-testarch-trace/resources/knowledge/overview.md","25ca75c93fbcef398c7ec7a201ece881f6f3a15f86cfc0a19a04b90a2c6dddbf"
"md","pact-broker-webhooks","tea","tea/agents/bmad-tea/resources/knowledge/pact-broker-webhooks.md","95711c413d4adad6e2b88d16e9ecdc96d11ed018b510195d0633f1ea31bfeabb"
"md","pact-broker-webhooks","tea","tea/workflows/testarch/bmad-testarch-atdd/resources/knowledge/pact-broker-webhooks.md","95711c413d4adad6e2b88d16e9ecdc96d11ed018b510195d0633f1ea31bfeabb"
"md","pact-broker-webhooks","tea","tea/workflows/testarch/bmad-testarch-automate/resources/knowledge/pact-broker-webhooks.md","95711c413d4adad6e2b88d16e9ecdc96d11ed018b510195d0633f1ea31bfeabb"
"md","pact-broker-webhooks","tea","tea/workflows/testarch/bmad-testarch-ci/resources/knowledge/pact-broker-webhooks.md","95711c413d4adad6e2b88d16e9ecdc96d11ed018b510195d0633f1ea31bfeabb"
"md","pact-broker-webhooks","tea","tea/workflows/testarch/bmad-testarch-framework/resources/knowledge/pact-broker-webhooks.md","95711c413d4adad6e2b88d16e9ecdc96d11ed018b510195d0633f1ea31bfeabb"
"md","pact-broker-webhooks","tea","tea/workflows/testarch/bmad-testarch-nfr/resources/knowledge/pact-broker-webhooks.md","95711c413d4adad6e2b88d16e9ecdc96d11ed018b510195d0633f1ea31bfeabb"
"md","pact-broker-webhooks","tea","tea/workflows/testarch/bmad-testarch-test-design/resources/knowledge/pact-broker-webhooks.md","95711c413d4adad6e2b88d16e9ecdc96d11ed018b510195d0633f1ea31bfeabb"
"md","pact-broker-webhooks","tea","tea/workflows/testarch/bmad-testarch-test-review/resources/knowledge/pact-broker-webhooks.md","95711c413d4adad6e2b88d16e9ecdc96d11ed018b510195d0633f1ea31bfeabb"
"md","pact-broker-webhooks","tea","tea/workflows/testarch/bmad-testarch-trace/resources/knowledge/pact-broker-webhooks.md","95711c413d4adad6e2b88d16e9ecdc96d11ed018b510195d0633f1ea31bfeabb"
"md","pact-consumer-di","tea","tea/agents/bmad-tea/resources/knowledge/pact-consumer-di.md","c3883f65512dcebb78e611d9091fb8091f211b098685adb81719faefa365d793"
"md","pact-consumer-di","tea","tea/workflows/testarch/bmad-testarch-atdd/resources/knowledge/pact-consumer-di.md","c3883f65512dcebb78e611d9091fb8091f211b098685adb81719faefa365d793"
"md","pact-consumer-di","tea","tea/workflows/testarch/bmad-testarch-automate/resources/knowledge/pact-consumer-di.md","c3883f65512dcebb78e611d9091fb8091f211b098685adb81719faefa365d793"
"md","pact-consumer-di","tea","tea/workflows/testarch/bmad-testarch-ci/resources/knowledge/pact-consumer-di.md","c3883f65512dcebb78e611d9091fb8091f211b098685adb81719faefa365d793"
"md","pact-consumer-di","tea","tea/workflows/testarch/bmad-testarch-framework/resources/knowledge/pact-consumer-di.md","c3883f65512dcebb78e611d9091fb8091f211b098685adb81719faefa365d793"
"md","pact-consumer-di","tea","tea/workflows/testarch/bmad-testarch-nfr/resources/knowledge/pact-consumer-di.md","c3883f65512dcebb78e611d9091fb8091f211b098685adb81719faefa365d793"
"md","pact-consumer-di","tea","tea/workflows/testarch/bmad-testarch-test-design/resources/knowledge/pact-consumer-di.md","c3883f65512dcebb78e611d9091fb8091f211b098685adb81719faefa365d793"
"md","pact-consumer-di","tea","tea/workflows/testarch/bmad-testarch-test-review/resources/knowledge/pact-consumer-di.md","c3883f65512dcebb78e611d9091fb8091f211b098685adb81719faefa365d793"
"md","pact-consumer-di","tea","tea/workflows/testarch/bmad-testarch-trace/resources/knowledge/pact-consumer-di.md","c3883f65512dcebb78e611d9091fb8091f211b098685adb81719faefa365d793"
"md","pact-consumer-framework-setup","tea","tea/agents/bmad-tea/resources/knowledge/pact-consumer-framework-setup.md","9eec9245f42a162580e07012d081d08983727fd504d2b01ee7d5bfb791c4b117"
"md","pact-consumer-framework-setup","tea","tea/workflows/testarch/bmad-testarch-atdd/resources/knowledge/pact-consumer-framework-setup.md","2f21f70dcfb07b5851e0e9ed69fee1476bfc8ed4f61ffe0711cb14123166299f"
"md","pact-consumer-framework-setup","tea","tea/workflows/testarch/bmad-testarch-automate/resources/knowledge/pact-consumer-framework-setup.md","2f21f70dcfb07b5851e0e9ed69fee1476bfc8ed4f61ffe0711cb14123166299f"
"md","pact-consumer-framework-setup","tea","tea/workflows/testarch/bmad-testarch-ci/resources/knowledge/pact-consumer-framework-setup.md","2f21f70dcfb07b5851e0e9ed69fee1476bfc8ed4f61ffe0711cb14123166299f"
"md","pact-consumer-framework-setup","tea","tea/workflows/testarch/bmad-testarch-framework/resources/knowledge/pact-consumer-framework-setup.md","2f21f70dcfb07b5851e0e9ed69fee1476bfc8ed4f61ffe0711cb14123166299f"
"md","pact-consumer-framework-setup","tea","tea/workflows/testarch/bmad-testarch-nfr/resources/knowledge/pact-consumer-framework-setup.md","2f21f70dcfb07b5851e0e9ed69fee1476bfc8ed4f61ffe0711cb14123166299f"
"md","pact-consumer-framework-setup","tea","tea/workflows/testarch/bmad-testarch-test-design/resources/knowledge/pact-consumer-framework-setup.md","2f21f70dcfb07b5851e0e9ed69fee1476bfc8ed4f61ffe0711cb14123166299f"
"md","pact-consumer-framework-setup","tea","tea/workflows/testarch/bmad-testarch-test-review/resources/knowledge/pact-consumer-framework-setup.md","2f21f70dcfb07b5851e0e9ed69fee1476bfc8ed4f61ffe0711cb14123166299f"
"md","pact-consumer-framework-setup","tea","tea/workflows/testarch/bmad-testarch-trace/resources/knowledge/pact-consumer-framework-setup.md","2f21f70dcfb07b5851e0e9ed69fee1476bfc8ed4f61ffe0711cb14123166299f"
"md","pact-mcp","tea","tea/agents/bmad-tea/resources/knowledge/pact-mcp.md","32bb4ab96d2ff069e99790277184770b5ce3e0ae98a41e0e191c241a73cbb70a"
"md","pact-mcp","tea","tea/workflows/testarch/bmad-testarch-atdd/resources/knowledge/pact-mcp.md","32bb4ab96d2ff069e99790277184770b5ce3e0ae98a41e0e191c241a73cbb70a"
"md","pact-mcp","tea","tea/workflows/testarch/bmad-testarch-automate/resources/knowledge/pact-mcp.md","32bb4ab96d2ff069e99790277184770b5ce3e0ae98a41e0e191c241a73cbb70a"
"md","pact-mcp","tea","tea/workflows/testarch/bmad-testarch-ci/resources/knowledge/pact-mcp.md","32bb4ab96d2ff069e99790277184770b5ce3e0ae98a41e0e191c241a73cbb70a"
"md","pact-mcp","tea","tea/workflows/testarch/bmad-testarch-framework/resources/knowledge/pact-mcp.md","32bb4ab96d2ff069e99790277184770b5ce3e0ae98a41e0e191c241a73cbb70a"
"md","pact-mcp","tea","tea/workflows/testarch/bmad-testarch-nfr/resources/knowledge/pact-mcp.md","32bb4ab96d2ff069e99790277184770b5ce3e0ae98a41e0e191c241a73cbb70a"
"md","pact-mcp","tea","tea/workflows/testarch/bmad-testarch-test-design/resources/knowledge/pact-mcp.md","32bb4ab96d2ff069e99790277184770b5ce3e0ae98a41e0e191c241a73cbb70a"
"md","pact-mcp","tea","tea/workflows/testarch/bmad-testarch-test-review/resources/knowledge/pact-mcp.md","32bb4ab96d2ff069e99790277184770b5ce3e0ae98a41e0e191c241a73cbb70a"
"md","pact-mcp","tea","tea/workflows/testarch/bmad-testarch-trace/resources/knowledge/pact-mcp.md","32bb4ab96d2ff069e99790277184770b5ce3e0ae98a41e0e191c241a73cbb70a"
"md","pactjs-utils-consumer-helpers","tea","tea/agents/bmad-tea/resources/knowledge/pactjs-utils-consumer-helpers.md","82c21a71ea7cfafb4bb4c4d74eb83cb4134b7ca93aeae626a9b79868b3d621c9"
"md","pactjs-utils-consumer-helpers","tea","tea/workflows/testarch/bmad-testarch-atdd/resources/knowledge/pactjs-utils-consumer-helpers.md","711e7fccb866d3cda0566fa42948b73e1ff9a8aa63ab190fa8727182e9e92d87"
"md","pactjs-utils-consumer-helpers","tea","tea/workflows/testarch/bmad-testarch-automate/resources/knowledge/pactjs-utils-consumer-helpers.md","711e7fccb866d3cda0566fa42948b73e1ff9a8aa63ab190fa8727182e9e92d87"
"md","pactjs-utils-consumer-helpers","tea","tea/workflows/testarch/bmad-testarch-ci/resources/knowledge/pactjs-utils-consumer-helpers.md","711e7fccb866d3cda0566fa42948b73e1ff9a8aa63ab190fa8727182e9e92d87"
"md","pactjs-utils-consumer-helpers","tea","tea/workflows/testarch/bmad-testarch-framework/resources/knowledge/pactjs-utils-consumer-helpers.md","711e7fccb866d3cda0566fa42948b73e1ff9a8aa63ab190fa8727182e9e92d87"
"md","pactjs-utils-consumer-helpers","tea","tea/workflows/testarch/bmad-testarch-nfr/resources/knowledge/pactjs-utils-consumer-helpers.md","711e7fccb866d3cda0566fa42948b73e1ff9a8aa63ab190fa8727182e9e92d87"
"md","pactjs-utils-consumer-helpers","tea","tea/workflows/testarch/bmad-testarch-test-design/resources/knowledge/pactjs-utils-consumer-helpers.md","711e7fccb866d3cda0566fa42948b73e1ff9a8aa63ab190fa8727182e9e92d87"
"md","pactjs-utils-consumer-helpers","tea","tea/workflows/testarch/bmad-testarch-test-review/resources/knowledge/pactjs-utils-consumer-helpers.md","711e7fccb866d3cda0566fa42948b73e1ff9a8aa63ab190fa8727182e9e92d87"
"md","pactjs-utils-consumer-helpers","tea","tea/workflows/testarch/bmad-testarch-trace/resources/knowledge/pactjs-utils-consumer-helpers.md","711e7fccb866d3cda0566fa42948b73e1ff9a8aa63ab190fa8727182e9e92d87"
"md","pactjs-utils-overview","tea","tea/agents/bmad-tea/resources/knowledge/pactjs-utils-overview.md","16eb089189d1544c821f582b8776716c1c3ecd3e6044ccbc9a4984d3515e1b52"
"md","pactjs-utils-overview","tea","tea/workflows/testarch/bmad-testarch-atdd/resources/knowledge/pactjs-utils-overview.md","16eb089189d1544c821f582b8776716c1c3ecd3e6044ccbc9a4984d3515e1b52"
"md","pactjs-utils-overview","tea","tea/workflows/testarch/bmad-testarch-automate/resources/knowledge/pactjs-utils-overview.md","64fcf26c2d5c7c183c8d7a83ed20d1f1857182724cfed5e92318dadb1b258584"
"md","pactjs-utils-overview","tea","tea/workflows/testarch/bmad-testarch-ci/resources/knowledge/pactjs-utils-overview.md","64fcf26c2d5c7c183c8d7a83ed20d1f1857182724cfed5e92318dadb1b258584"
"md","pactjs-utils-overview","tea","tea/workflows/testarch/bmad-testarch-framework/resources/knowledge/pactjs-utils-overview.md","64fcf26c2d5c7c183c8d7a83ed20d1f1857182724cfed5e92318dadb1b258584"
"md","pactjs-utils-overview","tea","tea/workflows/testarch/bmad-testarch-nfr/resources/knowledge/pactjs-utils-overview.md","64fcf26c2d5c7c183c8d7a83ed20d1f1857182724cfed5e92318dadb1b258584"
"md","pactjs-utils-overview","tea","tea/workflows/testarch/bmad-testarch-test-design/resources/knowledge/pactjs-utils-overview.md","64fcf26c2d5c7c183c8d7a83ed20d1f1857182724cfed5e92318dadb1b258584"
"md","pactjs-utils-overview","tea","tea/workflows/testarch/bmad-testarch-test-review/resources/knowledge/pactjs-utils-overview.md","64fcf26c2d5c7c183c8d7a83ed20d1f1857182724cfed5e92318dadb1b258584"
"md","pactjs-utils-overview","tea","tea/workflows/testarch/bmad-testarch-trace/resources/knowledge/pactjs-utils-overview.md","64fcf26c2d5c7c183c8d7a83ed20d1f1857182724cfed5e92318dadb1b258584"
"md","pactjs-utils-provider-verifier","tea","tea/agents/bmad-tea/resources/knowledge/pactjs-utils-provider-verifier.md","4f5e306ededf8c9d2de9023fb6db115298a4fe2d70f934054c2f717115235bbb"
"md","pactjs-utils-provider-verifier","tea","tea/workflows/testarch/bmad-testarch-atdd/resources/knowledge/pactjs-utils-provider-verifier.md","e3a651fbcb6e705685477bfdcc8f7d0ca747a6bdbc9a6051f32f538c48c1a160"
"md","pactjs-utils-provider-verifier","tea","tea/workflows/testarch/bmad-testarch-automate/resources/knowledge/pactjs-utils-provider-verifier.md","e3a651fbcb6e705685477bfdcc8f7d0ca747a6bdbc9a6051f32f538c48c1a160"
"md","pactjs-utils-provider-verifier","tea","tea/workflows/testarch/bmad-testarch-ci/resources/knowledge/pactjs-utils-provider-verifier.md","e3a651fbcb6e705685477bfdcc8f7d0ca747a6bdbc9a6051f32f538c48c1a160"
"md","pactjs-utils-provider-verifier","tea","tea/workflows/testarch/bmad-testarch-framework/resources/knowledge/pactjs-utils-provider-verifier.md","e3a651fbcb6e705685477bfdcc8f7d0ca747a6bdbc9a6051f32f538c48c1a160"
"md","pactjs-utils-provider-verifier","tea","tea/workflows/testarch/bmad-testarch-nfr/resources/knowledge/pactjs-utils-provider-verifier.md","e3a651fbcb6e705685477bfdcc8f7d0ca747a6bdbc9a6051f32f538c48c1a160"
"md","pactjs-utils-provider-verifier","tea","tea/workflows/testarch/bmad-testarch-test-design/resources/knowledge/pactjs-utils-provider-verifier.md","e3a651fbcb6e705685477bfdcc8f7d0ca747a6bdbc9a6051f32f538c48c1a160"
"md","pactjs-utils-provider-verifier","tea","tea/workflows/testarch/bmad-testarch-test-review/resources/knowledge/pactjs-utils-provider-verifier.md","e3a651fbcb6e705685477bfdcc8f7d0ca747a6bdbc9a6051f32f538c48c1a160"
"md","pactjs-utils-provider-verifier","tea","tea/workflows/testarch/bmad-testarch-trace/resources/knowledge/pactjs-utils-provider-verifier.md","e3a651fbcb6e705685477bfdcc8f7d0ca747a6bdbc9a6051f32f538c48c1a160"
"md","pactjs-utils-request-filter","tea","tea/agents/bmad-tea/resources/knowledge/pactjs-utils-request-filter.md","6f900300880f2544511436fa68c24268b3b28e0498af6dc43c848047a3cbff18"
"md","pactjs-utils-request-filter","tea","tea/workflows/testarch/bmad-testarch-atdd/resources/knowledge/pactjs-utils-request-filter.md","6f900300880f2544511436fa68c24268b3b28e0498af6dc43c848047a3cbff18"
"md","pactjs-utils-request-filter","tea","tea/workflows/testarch/bmad-testarch-automate/resources/knowledge/pactjs-utils-request-filter.md","6f900300880f2544511436fa68c24268b3b28e0498af6dc43c848047a3cbff18"
"md","pactjs-utils-request-filter","tea","tea/workflows/testarch/bmad-testarch-ci/resources/knowledge/pactjs-utils-request-filter.md","6f900300880f2544511436fa68c24268b3b28e0498af6dc43c848047a3cbff18"
"md","pactjs-utils-request-filter","tea","tea/workflows/testarch/bmad-testarch-framework/resources/knowledge/pactjs-utils-request-filter.md","6f900300880f2544511436fa68c24268b3b28e0498af6dc43c848047a3cbff18"
"md","pactjs-utils-request-filter","tea","tea/workflows/testarch/bmad-testarch-nfr/resources/knowledge/pactjs-utils-request-filter.md","6f900300880f2544511436fa68c24268b3b28e0498af6dc43c848047a3cbff18"
"md","pactjs-utils-request-filter","tea","tea/workflows/testarch/bmad-testarch-test-design/resources/knowledge/pactjs-utils-request-filter.md","6f900300880f2544511436fa68c24268b3b28e0498af6dc43c848047a3cbff18"
"md","pactjs-utils-request-filter","tea","tea/workflows/testarch/bmad-testarch-test-review/resources/knowledge/pactjs-utils-request-filter.md","6f900300880f2544511436fa68c24268b3b28e0498af6dc43c848047a3cbff18"
"md","pactjs-utils-request-filter","tea","tea/workflows/testarch/bmad-testarch-trace/resources/knowledge/pactjs-utils-request-filter.md","6f900300880f2544511436fa68c24268b3b28e0498af6dc43c848047a3cbff18"
"md","pactjs-utils-zod-to-pact","tea","tea/agents/bmad-tea/resources/knowledge/pactjs-utils-zod-to-pact.md","a02b0859122ef4f720818ea78a149799202d0baf7852936f05a2f5d0c49935a8"
"md","pactjs-utils-zod-to-pact","tea","tea/workflows/testarch/bmad-testarch-atdd/resources/knowledge/pactjs-utils-zod-to-pact.md","a02b0859122ef4f720818ea78a149799202d0baf7852936f05a2f5d0c49935a8"
"md","playwright-cli","tea","tea/agents/bmad-tea/resources/knowledge/playwright-cli.md","f0aaff215a5da05d900c7f6d1eef70a3ea97637788ac37aadf5779ec24d91c09"
"md","playwright-cli","tea","tea/workflows/testarch/bmad-testarch-atdd/resources/knowledge/playwright-cli.md","f0aaff215a5da05d900c7f6d1eef70a3ea97637788ac37aadf5779ec24d91c09"
"md","playwright-cli","tea","tea/workflows/testarch/bmad-testarch-automate/resources/knowledge/playwright-cli.md","f0aaff215a5da05d900c7f6d1eef70a3ea97637788ac37aadf5779ec24d91c09"
"md","playwright-cli","tea","tea/workflows/testarch/bmad-testarch-ci/resources/knowledge/playwright-cli.md","f0aaff215a5da05d900c7f6d1eef70a3ea97637788ac37aadf5779ec24d91c09"
"md","playwright-cli","tea","tea/workflows/testarch/bmad-testarch-framework/resources/knowledge/playwright-cli.md","f0aaff215a5da05d900c7f6d1eef70a3ea97637788ac37aadf5779ec24d91c09"
"md","playwright-cli","tea","tea/workflows/testarch/bmad-testarch-nfr/resources/knowledge/playwright-cli.md","f0aaff215a5da05d900c7f6d1eef70a3ea97637788ac37aadf5779ec24d91c09"
"md","playwright-cli","tea","tea/workflows/testarch/bmad-testarch-test-design/resources/knowledge/playwright-cli.md","f0aaff215a5da05d900c7f6d1eef70a3ea97637788ac37aadf5779ec24d91c09"
"md","playwright-cli","tea","tea/workflows/testarch/bmad-testarch-test-review/resources/knowledge/playwright-cli.md","f0aaff215a5da05d900c7f6d1eef70a3ea97637788ac37aadf5779ec24d91c09"
"md","playwright-cli","tea","tea/workflows/testarch/bmad-testarch-trace/resources/knowledge/playwright-cli.md","f0aaff215a5da05d900c7f6d1eef70a3ea97637788ac37aadf5779ec24d91c09"
"md","playwright-config","tea","tea/agents/bmad-tea/resources/knowledge/playwright-config.md","6f7cbf42be005165f68d50090bf0e86227cd401b8e0119ad9e65e7cb2a05644e"
"md","playwright-config","tea","tea/workflows/testarch/bmad-testarch-atdd/resources/knowledge/playwright-config.md","6f7cbf42be005165f68d50090bf0e86227cd401b8e0119ad9e65e7cb2a05644e"
"md","playwright-config","tea","tea/workflows/testarch/bmad-testarch-automate/resources/knowledge/playwright-config.md","6f7cbf42be005165f68d50090bf0e86227cd401b8e0119ad9e65e7cb2a05644e"
"md","playwright-config","tea","tea/workflows/testarch/bmad-testarch-ci/resources/knowledge/playwright-config.md","6f7cbf42be005165f68d50090bf0e86227cd401b8e0119ad9e65e7cb2a05644e"
"md","playwright-config","tea","tea/workflows/testarch/bmad-testarch-framework/resources/knowledge/playwright-config.md","6f7cbf42be005165f68d50090bf0e86227cd401b8e0119ad9e65e7cb2a05644e"
"md","playwright-config","tea","tea/workflows/testarch/bmad-testarch-nfr/resources/knowledge/playwright-config.md","6f7cbf42be005165f68d50090bf0e86227cd401b8e0119ad9e65e7cb2a05644e"
"md","playwright-config","tea","tea/workflows/testarch/bmad-testarch-test-design/resources/knowledge/playwright-config.md","6f7cbf42be005165f68d50090bf0e86227cd401b8e0119ad9e65e7cb2a05644e"
"md","playwright-config","tea","tea/workflows/testarch/bmad-testarch-test-review/resources/knowledge/playwright-config.md","6f7cbf42be005165f68d50090bf0e86227cd401b8e0119ad9e65e7cb2a05644e"
"md","playwright-config","tea","tea/workflows/testarch/bmad-testarch-trace/resources/knowledge/playwright-config.md","6f7cbf42be005165f68d50090bf0e86227cd401b8e0119ad9e65e7cb2a05644e"
"md","probability-impact","tea","tea/agents/bmad-tea/resources/knowledge/probability-impact.md","446dba0caa1eb162734514f35366f8c38ed3666528b0b5e16c7f03fd3c537d0f"
"md","probability-impact","tea","tea/workflows/testarch/bmad-testarch-atdd/resources/knowledge/probability-impact.md","446dba0caa1eb162734514f35366f8c38ed3666528b0b5e16c7f03fd3c537d0f"
"md","probability-impact","tea","tea/workflows/testarch/bmad-testarch-automate/resources/knowledge/probability-impact.md","446dba0caa1eb162734514f35366f8c38ed3666528b0b5e16c7f03fd3c537d0f"
"md","probability-impact","tea","tea/workflows/testarch/bmad-testarch-ci/resources/knowledge/probability-impact.md","446dba0caa1eb162734514f35366f8c38ed3666528b0b5e16c7f03fd3c537d0f"
"md","probability-impact","tea","tea/workflows/testarch/bmad-testarch-framework/resources/knowledge/probability-impact.md","446dba0caa1eb162734514f35366f8c38ed3666528b0b5e16c7f03fd3c537d0f"
"md","probability-impact","tea","tea/workflows/testarch/bmad-testarch-nfr/resources/knowledge/probability-impact.md","446dba0caa1eb162734514f35366f8c38ed3666528b0b5e16c7f03fd3c537d0f"
"md","probability-impact","tea","tea/workflows/testarch/bmad-testarch-test-design/resources/knowledge/probability-impact.md","446dba0caa1eb162734514f35366f8c38ed3666528b0b5e16c7f03fd3c537d0f"
"md","probability-impact","tea","tea/workflows/testarch/bmad-testarch-test-review/resources/knowledge/probability-impact.md","446dba0caa1eb162734514f35366f8c38ed3666528b0b5e16c7f03fd3c537d0f"
"md","probability-impact","tea","tea/workflows/testarch/bmad-testarch-trace/resources/knowledge/probability-impact.md","446dba0caa1eb162734514f35366f8c38ed3666528b0b5e16c7f03fd3c537d0f"
"md","recurse","tea","tea/agents/bmad-tea/resources/knowledge/recurse.md","7937897b8d8fd74ab647634fb549ba9344e86d39f9a705e8731a7531e51ad726"
"md","recurse","tea","tea/workflows/testarch/bmad-testarch-atdd/resources/knowledge/recurse.md","7937897b8d8fd74ab647634fb549ba9344e86d39f9a705e8731a7531e51ad726"
"md","recurse","tea","tea/workflows/testarch/bmad-testarch-automate/resources/knowledge/recurse.md","7937897b8d8fd74ab647634fb549ba9344e86d39f9a705e8731a7531e51ad726"
"md","recurse","tea","tea/workflows/testarch/bmad-testarch-ci/resources/knowledge/recurse.md","7937897b8d8fd74ab647634fb549ba9344e86d39f9a705e8731a7531e51ad726"
"md","recurse","tea","tea/workflows/testarch/bmad-testarch-framework/resources/knowledge/recurse.md","7937897b8d8fd74ab647634fb549ba9344e86d39f9a705e8731a7531e51ad726"
"md","recurse","tea","tea/workflows/testarch/bmad-testarch-nfr/resources/knowledge/recurse.md","7937897b8d8fd74ab647634fb549ba9344e86d39f9a705e8731a7531e51ad726"
"md","recurse","tea","tea/workflows/testarch/bmad-testarch-test-design/resources/knowledge/recurse.md","7937897b8d8fd74ab647634fb549ba9344e86d39f9a705e8731a7531e51ad726"
"md","recurse","tea","tea/workflows/testarch/bmad-testarch-test-review/resources/knowledge/recurse.md","7937897b8d8fd74ab647634fb549ba9344e86d39f9a705e8731a7531e51ad726"
"md","recurse","tea","tea/workflows/testarch/bmad-testarch-trace/resources/knowledge/recurse.md","7937897b8d8fd74ab647634fb549ba9344e86d39f9a705e8731a7531e51ad726"
"md","risk-governance","tea","tea/agents/bmad-tea/resources/knowledge/risk-governance.md","500482561420c9f2caad2eb92e5c503208adaa5ab952a317359556b3f11376f1"
"md","risk-governance","tea","tea/workflows/testarch/bmad-testarch-atdd/resources/knowledge/risk-governance.md","500482561420c9f2caad2eb92e5c503208adaa5ab952a317359556b3f11376f1"
"md","risk-governance","tea","tea/workflows/testarch/bmad-testarch-automate/resources/knowledge/risk-governance.md","500482561420c9f2caad2eb92e5c503208adaa5ab952a317359556b3f11376f1"
"md","risk-governance","tea","tea/workflows/testarch/bmad-testarch-ci/resources/knowledge/risk-governance.md","500482561420c9f2caad2eb92e5c503208adaa5ab952a317359556b3f11376f1"
"md","risk-governance","tea","tea/workflows/testarch/bmad-testarch-framework/resources/knowledge/risk-governance.md","500482561420c9f2caad2eb92e5c503208adaa5ab952a317359556b3f11376f1"
"md","risk-governance","tea","tea/workflows/testarch/bmad-testarch-nfr/resources/knowledge/risk-governance.md","500482561420c9f2caad2eb92e5c503208adaa5ab952a317359556b3f11376f1"
"md","risk-governance","tea","tea/workflows/testarch/bmad-testarch-test-design/resources/knowledge/risk-governance.md","500482561420c9f2caad2eb92e5c503208adaa5ab952a317359556b3f11376f1"
"md","risk-governance","tea","tea/workflows/testarch/bmad-testarch-test-review/resources/knowledge/risk-governance.md","500482561420c9f2caad2eb92e5c503208adaa5ab952a317359556b3f11376f1"
"md","risk-governance","tea","tea/workflows/testarch/bmad-testarch-trace/resources/knowledge/risk-governance.md","500482561420c9f2caad2eb92e5c503208adaa5ab952a317359556b3f11376f1"
"md","selective-testing","tea","tea/agents/bmad-tea/resources/knowledge/selective-testing.md","060651774648174fdbff0fe7b858bd81d7c3bce8ee5a53ed7c1ba56e4dd4bbe0"
"md","selective-testing","tea","tea/workflows/testarch/bmad-testarch-atdd/resources/knowledge/selective-testing.md","060651774648174fdbff0fe7b858bd81d7c3bce8ee5a53ed7c1ba56e4dd4bbe0"
"md","selective-testing","tea","tea/workflows/testarch/bmad-testarch-automate/resources/knowledge/selective-testing.md","060651774648174fdbff0fe7b858bd81d7c3bce8ee5a53ed7c1ba56e4dd4bbe0"
"md","selective-testing","tea","tea/workflows/testarch/bmad-testarch-ci/resources/knowledge/selective-testing.md","060651774648174fdbff0fe7b858bd81d7c3bce8ee5a53ed7c1ba56e4dd4bbe0"
"md","selective-testing","tea","tea/workflows/testarch/bmad-testarch-framework/resources/knowledge/selective-testing.md","060651774648174fdbff0fe7b858bd81d7c3bce8ee5a53ed7c1ba56e4dd4bbe0"
"md","selective-testing","tea","tea/workflows/testarch/bmad-testarch-nfr/resources/knowledge/selective-testing.md","060651774648174fdbff0fe7b858bd81d7c3bce8ee5a53ed7c1ba56e4dd4bbe0"
"md","selective-testing","tea","tea/workflows/testarch/bmad-testarch-test-design/resources/knowledge/selective-testing.md","060651774648174fdbff0fe7b858bd81d7c3bce8ee5a53ed7c1ba56e4dd4bbe0"
"md","selective-testing","tea","tea/workflows/testarch/bmad-testarch-test-review/resources/knowledge/selective-testing.md","060651774648174fdbff0fe7b858bd81d7c3bce8ee5a53ed7c1ba56e4dd4bbe0"
"md","selective-testing","tea","tea/workflows/testarch/bmad-testarch-trace/resources/knowledge/selective-testing.md","060651774648174fdbff0fe7b858bd81d7c3bce8ee5a53ed7c1ba56e4dd4bbe0"
"md","selector-resilience","tea","tea/agents/bmad-tea/resources/knowledge/selector-resilience.md","a55c25a340f1cd10811802665754a3f4eab0c82868fea61fea9cc61aa47ac179"
"md","selector-resilience","tea","tea/workflows/testarch/bmad-testarch-atdd/resources/knowledge/selector-resilience.md","a55c25a340f1cd10811802665754a3f4eab0c82868fea61fea9cc61aa47ac179"
"md","selector-resilience","tea","tea/workflows/testarch/bmad-testarch-automate/resources/knowledge/selector-resilience.md","a55c25a340f1cd10811802665754a3f4eab0c82868fea61fea9cc61aa47ac179"
"md","selector-resilience","tea","tea/workflows/testarch/bmad-testarch-ci/resources/knowledge/selector-resilience.md","a55c25a340f1cd10811802665754a3f4eab0c82868fea61fea9cc61aa47ac179"
"md","selector-resilience","tea","tea/workflows/testarch/bmad-testarch-framework/resources/knowledge/selector-resilience.md","a55c25a340f1cd10811802665754a3f4eab0c82868fea61fea9cc61aa47ac179"
"md","selector-resilience","tea","tea/workflows/testarch/bmad-testarch-nfr/resources/knowledge/selector-resilience.md","a55c25a340f1cd10811802665754a3f4eab0c82868fea61fea9cc61aa47ac179"
"md","selector-resilience","tea","tea/workflows/testarch/bmad-testarch-test-design/resources/knowledge/selector-resilience.md","a55c25a340f1cd10811802665754a3f4eab0c82868fea61fea9cc61aa47ac179"
"md","selector-resilience","tea","tea/workflows/testarch/bmad-testarch-test-review/resources/knowledge/selector-resilience.md","a55c25a340f1cd10811802665754a3f4eab0c82868fea61fea9cc61aa47ac179"
"md","selector-resilience","tea","tea/workflows/testarch/bmad-testarch-trace/resources/knowledge/selector-resilience.md","a55c25a340f1cd10811802665754a3f4eab0c82868fea61fea9cc61aa47ac179"
"md","session-notes-template","tea","tea/workflows/testarch/bmad-teach-me-testing/templates/session-notes-template.md","bdcc8dac35ed5ce2c7a95ab0fd55b2dfa27e3173ed1f5d78e44f8755514e1c70"
"md","SKILL","tea","tea/agents/bmad-tea/SKILL.md","f22e3cec5449c9268dd3714b0fef36b189b4e718e4e3214e66af18bb5713512d"
"md","SKILL","tea","tea/workflows/testarch/bmad-teach-me-testing/SKILL.md","e884f29b172690c1eb2207ebef34e2ab70dafda6a3595a98908512871fd14fdc"
"md","SKILL","tea","tea/workflows/testarch/bmad-testarch-atdd/SKILL.md","3528eb972c867c1653480a9af56fca6d20faed1ee5cd3da5a47fbe263d44e3d9"
"md","SKILL","tea","tea/workflows/testarch/bmad-testarch-automate/SKILL.md","a6102cc0b63cf3350f724d023b8e097759c3b40d37b2dd4228c86a03dc425c61"
"md","SKILL","tea","tea/workflows/testarch/bmad-testarch-ci/SKILL.md","bfd50f8fde210965e9f009f2250ef1d6fa520b53da3073ea28e5535981381cff"
"md","SKILL","tea","tea/workflows/testarch/bmad-testarch-framework/SKILL.md","4dc72bbdc01813e785e773a0717933539eabf4df1c8834df05a91298580b6e2b"
"md","SKILL","tea","tea/workflows/testarch/bmad-testarch-nfr/SKILL.md","837a94dccb5a51532f4d6e7fd09865593e949deac5fbffc8ccf6cf712008036a"
"md","SKILL","tea","tea/workflows/testarch/bmad-testarch-test-design/SKILL.md","a6f2ebc020049a7b4cacb498c0fc8ef0779ed9248876ca326085dbc8243a59a1"
"md","SKILL","tea","tea/workflows/testarch/bmad-testarch-test-review/SKILL.md","099d1a09670eaa8f42eab2b4467cabe13047e0be2a8c63b7a64ccb7f71b1c5ed"
"md","SKILL","tea","tea/workflows/testarch/bmad-testarch-trace/SKILL.md","903e245381ec287b7691077bbf274762c1ded0186a0f2e7247505b7f34a834a5"
"md","step-01-assess","tea","tea/workflows/testarch/bmad-testarch-atdd/steps-e/step-01-assess.md","3b6b684b315dcb484e36fa5edadbd3b6e7c82d0b848a3a850ea528335254b9c2"
"md","step-01-assess","tea","tea/workflows/testarch/bmad-testarch-automate/steps-e/step-01-assess.md","3b6b684b315dcb484e36fa5edadbd3b6e7c82d0b848a3a850ea528335254b9c2"
"md","step-01-assess","tea","tea/workflows/testarch/bmad-testarch-ci/steps-e/step-01-assess.md","3b6b684b315dcb484e36fa5edadbd3b6e7c82d0b848a3a850ea528335254b9c2"
"md","step-01-assess","tea","tea/workflows/testarch/bmad-testarch-framework/steps-e/step-01-assess.md","3b6b684b315dcb484e36fa5edadbd3b6e7c82d0b848a3a850ea528335254b9c2"
"md","step-01-assess","tea","tea/workflows/testarch/bmad-testarch-nfr/steps-e/step-01-assess.md","3b6b684b315dcb484e36fa5edadbd3b6e7c82d0b848a3a850ea528335254b9c2"
"md","step-01-assess","tea","tea/workflows/testarch/bmad-testarch-test-design/steps-e/step-01-assess.md","3b6b684b315dcb484e36fa5edadbd3b6e7c82d0b848a3a850ea528335254b9c2"
"md","step-01-assess","tea","tea/workflows/testarch/bmad-testarch-test-review/steps-e/step-01-assess.md","3b6b684b315dcb484e36fa5edadbd3b6e7c82d0b848a3a850ea528335254b9c2"
"md","step-01-assess","tea","tea/workflows/testarch/bmad-testarch-trace/steps-e/step-01-assess.md","3b6b684b315dcb484e36fa5edadbd3b6e7c82d0b848a3a850ea528335254b9c2"
"md","step-01-detect-mode","tea","tea/workflows/testarch/bmad-testarch-test-design/steps-c/step-01-detect-mode.md","08ea09fca8378e313898719a4dafce3a196ba386c37b03785e10999806fe72fb"
"md","step-01-init","tea","tea/workflows/testarch/bmad-teach-me-testing/steps-c/step-01-init.md","f79263820de8c26f4211aefc5d41dabcdd49aa9696564956680b1590bb7ca3c4"
"md","step-01-load-context","tea","tea/workflows/testarch/bmad-testarch-nfr/steps-c/step-01-load-context.md","8c3d99b02fe31d2cef54d4084eaa7abd93106e866793122c5e1246c96f83b7a6"
"md","step-01-load-context","tea","tea/workflows/testarch/bmad-testarch-test-review/steps-c/step-01-load-context.md","39b349db5e61dc28d23cd2640ef0d8dc9e048666723359e99883e1ba8980c03b"
"md","step-01-load-context","tea","tea/workflows/testarch/bmad-testarch-trace/steps-c/step-01-load-context.md","fc97a76df95ca7ff8c3d9bad4088360c94acf476a4e1de0f7c4bf2b2bd44d30f"
"md","step-01-preflight","tea","tea/workflows/testarch/bmad-testarch-ci/steps-c/step-01-preflight.md","37c512072942c0f445a4ac854ac02e01924e87d73a70ffa70cc2ea5bafecd949"
"md","step-01-preflight","tea","tea/workflows/testarch/bmad-testarch-framework/steps-c/step-01-preflight.md","51d284aea0f1883633ff65f21fd91fb5ee1608da87a307d27af56b00dec2a833"
"md","step-01-preflight-and-context","tea","tea/workflows/testarch/bmad-testarch-atdd/steps-c/step-01-preflight-and-context.md","16787c982302738b2e82df71677bd90846e5e0896afeb939b07fe09670a9a8ac"
"md","step-01-preflight-and-context","tea","tea/workflows/testarch/bmad-testarch-automate/steps-c/step-01-preflight-and-context.md","8ab2e72c698ffd17dc3b908a6085088fe4e7e37c32b66f6d83f4b4fc6358a8aa"
"md","step-01-validate","tea","tea/workflows/testarch/bmad-testarch-atdd/steps-v/step-01-validate.md","ff252585d7d8c6908905d2901e14823d040b68bb1d1e620cdaca82ef27fb7cde"
"md","step-01-validate","tea","tea/workflows/testarch/bmad-testarch-automate/steps-v/step-01-validate.md","76f1cf04911ac18fc0c73797a6c2bbc1340720646a173f5ae8d035d4571d9e57"
"md","step-01-validate","tea","tea/workflows/testarch/bmad-testarch-ci/steps-v/step-01-validate.md","0544101d606524d3fdb849f99d1eb03def4845166b278af17d80405290dae7d5"
"md","step-01-validate","tea","tea/workflows/testarch/bmad-testarch-framework/steps-v/step-01-validate.md","869332fc099a29b6160bc58e1a379382569acb63f960964338b9f2077299d00a"
"md","step-01-validate","tea","tea/workflows/testarch/bmad-testarch-nfr/steps-v/step-01-validate.md","7bc0a585f921fe0e33c52768af62a20340d1e93f7dc4e8204168556b632c2e12"
"md","step-01-validate","tea","tea/workflows/testarch/bmad-testarch-test-design/steps-v/step-01-validate.md","cd06c276d709b05f8d0b3e8bdaf67f072e7ef4523e02de8b79ae0d318ffde6af"
"md","step-01-validate","tea","tea/workflows/testarch/bmad-testarch-test-review/steps-v/step-01-validate.md","b0027988abbcfa836fd2a5b7079b2e0a6794bf8a52372a68b7a3a71e1263bbbf"
"md","step-01-validate","tea","tea/workflows/testarch/bmad-testarch-trace/steps-v/step-01-validate.md","0d9aa278080e523a15a1c346ed99c5ed64767d05feb65cbd6164485bf258ef88"
"md","step-01b-continue","tea","tea/workflows/testarch/bmad-teach-me-testing/steps-c/step-01b-continue.md","1439cc4616a5c4466190f342253a20aa6178f8bdb8bb50c8195185ca35f8ea07"
"md","step-01b-resume","tea","tea/workflows/testarch/bmad-testarch-atdd/steps-c/step-01b-resume.md","45f951a8606c4de5ff2d0a7e809c12e50483a3a9e347eda3ed485c79b986ac5f"
"md","step-01b-resume","tea","tea/workflows/testarch/bmad-testarch-automate/steps-c/step-01b-resume.md","60153862c91240326628d85284357dbd7688636b43c5a04c00a96926aeb71d3b"
"md","step-01b-resume","tea","tea/workflows/testarch/bmad-testarch-ci/steps-c/step-01b-resume.md","b1e63561bfc0808481e6c408c94d4c1fcf12e0b204c8a9d9d0974040ab65d02d"
"md","step-01b-resume","tea","tea/workflows/testarch/bmad-testarch-framework/steps-c/step-01b-resume.md","c9e5bffd9fa15d28089442b960e3fb6c72a2f04c6cae911378d7362af9b77296"
"md","step-01b-resume","tea","tea/workflows/testarch/bmad-testarch-nfr/steps-c/step-01b-resume.md","15dca197639b5fcdcec04295cac1352ff0fb576643614b96d502e1a4f676fd34"
"md","step-01b-resume","tea","tea/workflows/testarch/bmad-testarch-test-design/steps-c/step-01b-resume.md","554062608abf595461350ba95e174cbbd6a497a0ec11641345ffca6da500059f"
"md","step-01b-resume","tea","tea/workflows/testarch/bmad-testarch-test-review/steps-c/step-01b-resume.md","76a4534734133cd90fa3cd2c69e43128a3b2c953e4316600d6e564b9275119c9"
"md","step-01b-resume","tea","tea/workflows/testarch/bmad-testarch-trace/steps-c/step-01b-resume.md","8acc6fe769e7b99daa1f4c446ec3130bae804d969b4b1166f6d8b4220bcf7b08"
"md","step-02-apply-edit","tea","tea/workflows/testarch/bmad-testarch-atdd/steps-e/step-02-apply-edit.md","85188bf38cd2e592fd89180f424b8160d6a346bd7a2b64a535ffcce75993c6b3"
"md","step-02-apply-edit","tea","tea/workflows/testarch/bmad-testarch-automate/steps-e/step-02-apply-edit.md","85188bf38cd2e592fd89180f424b8160d6a346bd7a2b64a535ffcce75993c6b3"
"md","step-02-apply-edit","tea","tea/workflows/testarch/bmad-testarch-ci/steps-e/step-02-apply-edit.md","85188bf38cd2e592fd89180f424b8160d6a346bd7a2b64a535ffcce75993c6b3"
"md","step-02-apply-edit","tea","tea/workflows/testarch/bmad-testarch-framework/steps-e/step-02-apply-edit.md","85188bf38cd2e592fd89180f424b8160d6a346bd7a2b64a535ffcce75993c6b3"
"md","step-02-apply-edit","tea","tea/workflows/testarch/bmad-testarch-nfr/steps-e/step-02-apply-edit.md","85188bf38cd2e592fd89180f424b8160d6a346bd7a2b64a535ffcce75993c6b3"
"md","step-02-apply-edit","tea","tea/workflows/testarch/bmad-testarch-test-design/steps-e/step-02-apply-edit.md","85188bf38cd2e592fd89180f424b8160d6a346bd7a2b64a535ffcce75993c6b3"
"md","step-02-apply-edit","tea","tea/workflows/testarch/bmad-testarch-test-review/steps-e/step-02-apply-edit.md","85188bf38cd2e592fd89180f424b8160d6a346bd7a2b64a535ffcce75993c6b3"
"md","step-02-apply-edit","tea","tea/workflows/testarch/bmad-testarch-trace/steps-e/step-02-apply-edit.md","85188bf38cd2e592fd89180f424b8160d6a346bd7a2b64a535ffcce75993c6b3"
"md","step-02-assess","tea","tea/workflows/testarch/bmad-teach-me-testing/steps-c/step-02-assess.md","6a40830751d93b7262e8042d6d88cff7e38464f39e88775137e4d3ed913d7fd3"
"md","step-02-define-thresholds","tea","tea/workflows/testarch/bmad-testarch-nfr/steps-c/step-02-define-thresholds.md","be4810fc0c5ffaa3ff9125585691f3b792e3a92405c661c8b049ff2bf2b9476c"
"md","step-02-discover-tests","tea","tea/workflows/testarch/bmad-testarch-test-review/steps-c/step-02-discover-tests.md","7598d774e6dde0dc46456e05dc89b6e75ad92f549b470aeac798b3483f30d8ee"
"md","step-02-discover-tests","tea","tea/workflows/testarch/bmad-testarch-trace/steps-c/step-02-discover-tests.md","4893387288b9dd8756945eac8786729213bf03ee939c1be90f2a1aa54ce713db"
"md","step-02-generate-pipeline","tea","tea/workflows/testarch/bmad-testarch-ci/steps-c/step-02-generate-pipeline.md","26b54c6aa7f3694acfa7dc66ef1df0c7cf66ec0c1676b33e412a15d8f845ef6b"
"md","step-02-generation-mode","tea","tea/workflows/testarch/bmad-testarch-atdd/steps-c/step-02-generation-mode.md","0edcf6694ef40be0a2bd3f39766399fb52b29fadd51ef77a3c1d3dfa96f4a4e1"
"md","step-02-identify-targets","tea","tea/workflows/testarch/bmad-testarch-automate/steps-c/step-02-identify-targets.md","34972ecd02f8ac0a10fc6f3b7dee048c5ca47a82cabc89ae1d8894e237d93836"
"md","step-02-load-context","tea","tea/workflows/testarch/bmad-testarch-test-design/steps-c/step-02-load-context.md","162bb165d9f2fe5fb141336c1d226defb435c953a8d36602e13fc3d061c3fa25"
"md","step-02-select-framework","tea","tea/workflows/testarch/bmad-testarch-framework/steps-c/step-02-select-framework.md","0e3b9220c75a1c27f746335aacb76f451b54c7da7c7330adfb3f1799ca02061c"
"md","step-03-configure-quality-gates","tea","tea/workflows/testarch/bmad-testarch-ci/steps-c/step-03-configure-quality-gates.md","c84b6c109b42b6f15ac49cfea2d84ab82acac33a46049163988c166db2952337"
"md","step-03-gather-evidence","tea","tea/workflows/testarch/bmad-testarch-nfr/steps-c/step-03-gather-evidence.md","9dac449d15c713857ff2f563f78bfda020e2150f0b3d205dbac979ec5dcbef90"
"md","step-03-generate-tests","tea","tea/workflows/testarch/bmad-testarch-automate/steps-c/step-03-generate-tests.md","27c1c6a4edc26cab1bdb802d6d921636e031716f62f1824602121636553cbae9"
"md","step-03-map-criteria","tea","tea/workflows/testarch/bmad-testarch-trace/steps-c/step-03-map-criteria.md","89bcb53b7d8b8bf3771b43c67228ef99f2fe5badf9d1dd60ec37d7bd587e31b8"
"md","step-03-quality-evaluation","tea","tea/workflows/testarch/bmad-testarch-test-review/steps-c/step-03-quality-evaluation.md","88d51bab4a31431649970b5b4e6305fa40e047e4db69741abb8a07db990a73d1"
"md","step-03-risk-and-testability","tea","tea/workflows/testarch/bmad-testarch-test-design/steps-c/step-03-risk-and-testability.md","16a496bc557106cfb3f300b429e91da998a5e3d3483472d60e382aefa71947b7"
"md","step-03-scaffold-framework","tea","tea/workflows/testarch/bmad-testarch-framework/steps-c/step-03-scaffold-framework.md","e51906f761923061b881bbeb43290d31a2f21572b798f1de138f57936baf479d"
"md","step-03-session-menu","tea","tea/workflows/testarch/bmad-teach-me-testing/steps-c/step-03-session-menu.md","df7527dec7b9497dca0ff2db2c863bb723b65d6cfd97f03a171293cdc7a30e3a"
"md","step-03-test-strategy","tea","tea/workflows/testarch/bmad-testarch-atdd/steps-c/step-03-test-strategy.md","e5301713d80b141bbf789d47f7488d5d08e89b596d90fe3b483590e4545c1cd3"
"md","step-03a-subagent-api","tea","tea/workflows/testarch/bmad-testarch-automate/steps-c/step-03a-subagent-api.md","2b1587f7c95c156e78aa02292a0b9e9cf0c54b1288840952277ce3b90579ea29"
"md","step-03a-subagent-determinism","tea","tea/workflows/testarch/bmad-testarch-test-review/steps-c/step-03a-subagent-determinism.md","f08875f3d6e51fd0fbf404411a633e4478c76b9622910138a1dae57f644cacb8"
"md","step-03b-subagent-backend","tea","tea/workflows/testarch/bmad-testarch-automate/steps-c/step-03b-subagent-backend.md","467714d0a7a917fbc208afbcf70bcd2b7dd4db452e05f2c2c37a5b2e41ffe36c"
"md","step-03b-subagent-e2e","tea","tea/workflows/testarch/bmad-testarch-automate/steps-c/step-03b-subagent-e2e.md","3ef39eb7afbe4fbdcd6fe0f1f5c308ffe0fc1faaad7c20f4afba63f8143789a7"
"md","step-03b-subagent-isolation","tea","tea/workflows/testarch/bmad-testarch-test-review/steps-c/step-03b-subagent-isolation.md","b5b5dec99963fa2992c5aa51524c134d6cca6850021e60e4ec9abd975af00bbf"
"md","step-03b-subagent-mobile","tea","tea/workflows/testarch/bmad-testarch-automate/steps-c/step-03b-subagent-mobile.md","01373a881f0c86343192e9194a3c886ecc5e6fb230b56cda565352da786a5443"
"md","step-03c-aggregate","tea","tea/workflows/testarch/bmad-testarch-automate/steps-c/step-03c-aggregate.md","b0b31475e8795289e7328ccce474843999f3180ad101d02ca6c12a8ba6001997"
"md","step-03c-subagent-maintainability","tea","tea/workflows/testarch/bmad-testarch-test-review/steps-c/step-03c-subagent-maintainability.md","cd734945128b908173ff836bcc0e9beea7bd6945864f2ab4d29273bcb95410ce"
"md","step-03e-subagent-performance","tea","tea/workflows/testarch/bmad-testarch-test-review/steps-c/step-03e-subagent-performance.md","15cb2599a87095c5309983c2fe0eddbf6910c828fd48f90ab85793237e8d76ee"
"md","step-03f-aggregate-scores","tea","tea/workflows/testarch/bmad-testarch-test-review/steps-c/step-03f-aggregate-scores.md","be02c5df53ef8a2756cb3b08e6513bf5f551765433bcaf297e84fe45341f1afb"
"md","step-04-analyze-gaps","tea","tea/workflows/testarch/bmad-testarch-trace/steps-c/step-04-analyze-gaps.md","0bd05d2481ff1c8df9cb9362d780e09676db49ea3546835b2e34769f208b882d"
"md","step-04-coverage-plan","tea","tea/workflows/testarch/bmad-testarch-test-design/steps-c/step-04-coverage-plan.md","6c05bfecbd55abac59fc3a715de695ca8b07716204db132f335d36de9ff4bc57"
"md","step-04-docs-and-scripts","tea","tea/workflows/testarch/bmad-testarch-framework/steps-c/step-04-docs-and-scripts.md","78c3555d5cbbef6dd37212a2969e5ab1f4ee108b9c29740fefe387c4c66b3db6"
"md","step-04-evaluate-and-score","tea","tea/workflows/testarch/bmad-testarch-nfr/steps-c/step-04-evaluate-and-score.md","55afd8630f4213db3312ad3ce5cc5c4635f8da2b2ee200df61d83832b4ce5495"
"md","step-04-generate-report","tea","tea/workflows/testarch/bmad-testarch-test-review/steps-c/step-04-generate-report.md","9af875db9f2d7c3787507e01d7fd97488fbb8a9db4579747fef8ad92f1c9665a"
"md","step-04-generate-tests","tea","tea/workflows/testarch/bmad-testarch-atdd/steps-c/step-04-generate-tests.md","556f2d1fcc34624597ce59835aee034c99c8dbbc45e6c53587862a524260d219"
"md","step-04-session-01","tea","tea/workflows/testarch/bmad-teach-me-testing/steps-c/step-04-session-01.md","69f723b751d7dd3a5679768d0f331f0b666c503e7171de87adc0973070877c28"
"md","step-04-session-02","tea","tea/workflows/testarch/bmad-teach-me-testing/steps-c/step-04-session-02.md","227e62cf1686a9f01c22e39e1053ec188eceb581c7367df1725d959f0d6f5e11"
"md","step-04-session-03","tea","tea/workflows/testarch/bmad-teach-me-testing/steps-c/step-04-session-03.md","9c62152a4fb83c2e7ec1c9769a201453f97a7a402a0293dd5893886e7aea35c0"
"md","step-04-session-04","tea","tea/workflows/testarch/bmad-teach-me-testing/steps-c/step-04-session-04.md","f310e8d747bdb46c759a373cc2158585ebe2a6056ac15d391d929a0511efc8a1"
"md","step-04-session-05","tea","tea/workflows/testarch/bmad-teach-me-testing/steps-c/step-04-session-05.md","9ba50708f76345d3b6be2eb12f5660ba7f03cfee80032c055f6c78cb3c4bfae2"
"md","step-04-session-06","tea","tea/workflows/testarch/bmad-teach-me-testing/steps-c/step-04-session-06.md","08a615ac90822c0b00dcb65f1a503b9d38a31a93121f9c1a468287d69b7c34fe"
"md","step-04-session-07","tea","tea/workflows/testarch/bmad-teach-me-testing/steps-c/step-04-session-07.md","bbd2e949c6fc93e8504284c5b1331036effb23c590f38af273a34802211d8bb8"
"md","step-04-validate-and-summarize","tea","tea/workflows/testarch/bmad-testarch-automate/steps-c/step-04-validate-and-summarize.md","3fadd090147cb0975636967638539e4ab1867ed0ccfa5726153525b3889f6b75"
"md","step-04-validate-and-summary","tea","tea/workflows/testarch/bmad-testarch-ci/steps-c/step-04-validate-and-summary.md","d7ad0a001897c202e5594e6703464a32f689cbfc73bf81062cbb874e3f598804"
"md","step-04a-subagent-api-failing","tea","tea/workflows/testarch/bmad-testarch-atdd/steps-c/step-04a-subagent-api-failing.md","755c83b6803025ec17678b0c64c9aaf293d0e5926b04f23b1aea9ca98a748f53"
"md","step-04a-subagent-security","tea","tea/workflows/testarch/bmad-testarch-nfr/steps-c/step-04a-subagent-security.md","fb1091af23e966d9f73233f8797642c24f3a563feeacae102e83056a9b5719f7"
"md","step-04b-subagent-e2e-failing","tea","tea/workflows/testarch/bmad-testarch-atdd/steps-c/step-04b-subagent-e2e-failing.md","6ab05d407ffb9d6e30543270097ede75a5ab2030a598dc610ce4d8fe88ee0d7f"
"md","step-04b-subagent-performance","tea","tea/workflows/testarch/bmad-testarch-nfr/steps-c/step-04b-subagent-performance.md","c635ac8e31a2f5af9ee2fa1c64dd285a12d2d50f0ea885f02f3579d762f81131"
"md","step-04c-aggregate","tea","tea/workflows/testarch/bmad-testarch-atdd/steps-c/step-04c-aggregate.md","f261c0c83c96527c3dc448e18b9cbd8eb8afea03d72389c450b4b41bc7863b69"
"md","step-04c-subagent-reliability","tea","tea/workflows/testarch/bmad-testarch-nfr/steps-c/step-04c-subagent-reliability.md","d59f69fa2b5dfcfedfa272b519c271f88946356d9044646c81847d608cb6a21d"
"md","step-04d-subagent-scalability","tea","tea/workflows/testarch/bmad-testarch-nfr/steps-c/step-04d-subagent-scalability.md","a88ee02af3aee368c22522004a0d7d364fc3dc71ac33992375c37fd07b24b43b"
"md","step-04e-aggregate-nfr","tea","tea/workflows/testarch/bmad-testarch-nfr/steps-c/step-04e-aggregate-nfr.md","3e1d9da52e7e6a8c98de0059150cda9c2425d1d186bd35e0076f8dbfff4e5787"
"md","step-05-completion","tea","tea/workflows/testarch/bmad-teach-me-testing/steps-c/step-05-completion.md","cbbc94bbe369d7d804ac8da7e926661d43e9eec6b2e03440863bb39d13ba6553"
"md","step-05-gate-decision","tea","tea/workflows/testarch/bmad-testarch-trace/steps-c/step-05-gate-decision.md","7bac270579a4eefa5bb520bd5db516b43237525762537f3f4ceca313970745e0"
"md","step-05-generate-output","tea","tea/workflows/testarch/bmad-testarch-test-design/steps-c/step-05-generate-output.md","c356bbbd2d3eea1511cd187a299c491e0033e9a7b9ccd7e4ae7b0d1d3e353476"
"md","step-05-generate-report","tea","tea/workflows/testarch/bmad-testarch-nfr/steps-c/step-05-generate-report.md","2b23573269654e9286c3d0ea414c750f54f3d0083926acd67204c8945c6bb43a"
"md","step-05-validate-and-complete","tea","tea/workflows/testarch/bmad-testarch-atdd/steps-c/step-05-validate-and-complete.md","1b6beb39ff88e2c603501e7b487660e0a33f38998dbaca0e262bb7d7bf888e5e"
"md","step-05-validate-and-summary","tea","tea/workflows/testarch/bmad-testarch-framework/steps-c/step-05-validate-and-summary.md","20eafa16212c39a87d37992afa76d10f94ed61af29bd27c80ad50f2696a66b28"
"md","step-e-01-assess-workflow","tea","tea/workflows/testarch/bmad-teach-me-testing/steps-e/step-e-01-assess-workflow.md","e432c582add7ed7726693d3ad6c07861ab76f9d57a0b11a59c9d223f62d14b16"
"md","step-e-02-apply-edits","tea","tea/workflows/testarch/bmad-teach-me-testing/steps-e/step-e-02-apply-edits.md","e47e6db2881c05f91e772b90ab44c6914e7306847947c6e514aaadfb0130d10b"
"md","step-v-01-validate","tea","tea/workflows/testarch/bmad-teach-me-testing/steps-v/step-v-01-validate.md","92ee91d7f9465a0f2249b9dbd93f14b938b46b40aa8e45ea009e069c813a7119"
"md","test-design-architecture-template","tea","tea/workflows/testarch/bmad-testarch-test-design/test-design-architecture-template.md","2b633e96a182720b389839ffd5ae547322ba0fa1b056920230dbe8defd972899"
"md","test-design-handoff-template","tea","tea/workflows/testarch/bmad-testarch-test-design/test-design-handoff-template.md","ce1dd24dd95244e4a511bef74a3a7cb10e5620a3a137195a31608f81ac7e7b1b"
"md","test-design-qa-template","tea","tea/workflows/testarch/bmad-testarch-test-design/test-design-qa-template.md","9de161761ee2acb1ec23dbcd133c621645d8dda5c370915f6105ac0c48489bfe"
"md","test-design-template","tea","tea/workflows/testarch/bmad-testarch-test-design/test-design-template.md","7ec626497d7a802ca188cf96fc186f047be8ecdf01f8d9d1c52fbda7f0e417b1"
"md","test-healing-patterns","tea","tea/agents/bmad-tea/resources/knowledge/test-healing-patterns.md","b44f7db1ebb1c20ca4ef02d12cae95f692876aee02689605d4b15fe728d28fdf"
"md","test-healing-patterns","tea","tea/workflows/testarch/bmad-testarch-atdd/resources/knowledge/test-healing-patterns.md","b44f7db1ebb1c20ca4ef02d12cae95f692876aee02689605d4b15fe728d28fdf"
"md","test-healing-patterns","tea","tea/workflows/testarch/bmad-testarch-automate/resources/knowledge/test-healing-patterns.md","b44f7db1ebb1c20ca4ef02d12cae95f692876aee02689605d4b15fe728d28fdf"
"md","test-healing-patterns","tea","tea/workflows/testarch/bmad-testarch-ci/resources/knowledge/test-healing-patterns.md","b44f7db1ebb1c20ca4ef02d12cae95f692876aee02689605d4b15fe728d28fdf"
"md","test-healing-patterns","tea","tea/workflows/testarch/bmad-testarch-framework/resources/knowledge/test-healing-patterns.md","b44f7db1ebb1c20ca4ef02d12cae95f692876aee02689605d4b15fe728d28fdf"
"md","test-healing-patterns","tea","tea/workflows/testarch/bmad-testarch-nfr/resources/knowledge/test-healing-patterns.md","b44f7db1ebb1c20ca4ef02d12cae95f692876aee02689605d4b15fe728d28fdf"
"md","test-healing-patterns","tea","tea/workflows/testarch/bmad-testarch-test-design/resources/knowledge/test-healing-patterns.md","b44f7db1ebb1c20ca4ef02d12cae95f692876aee02689605d4b15fe728d28fdf"
"md","test-healing-patterns","tea","tea/workflows/testarch/bmad-testarch-test-review/resources/knowledge/test-healing-patterns.md","b44f7db1ebb1c20ca4ef02d12cae95f692876aee02689605d4b15fe728d28fdf"
"md","test-healing-patterns","tea","tea/workflows/testarch/bmad-testarch-trace/resources/knowledge/test-healing-patterns.md","b44f7db1ebb1c20ca4ef02d12cae95f692876aee02689605d4b15fe728d28fdf"
"md","test-levels-framework","tea","tea/agents/bmad-tea/resources/knowledge/test-levels-framework.md","80bbac7959a47a2e7e7de82613296f906954d571d2d64ece13381c1a0b480237"
"md","test-levels-framework","tea","tea/workflows/testarch/bmad-testarch-atdd/resources/knowledge/test-levels-framework.md","80bbac7959a47a2e7e7de82613296f906954d571d2d64ece13381c1a0b480237"
"md","test-levels-framework","tea","tea/workflows/testarch/bmad-testarch-automate/resources/knowledge/test-levels-framework.md","80bbac7959a47a2e7e7de82613296f906954d571d2d64ece13381c1a0b480237"
"md","test-levels-framework","tea","tea/workflows/testarch/bmad-testarch-ci/resources/knowledge/test-levels-framework.md","80bbac7959a47a2e7e7de82613296f906954d571d2d64ece13381c1a0b480237"
"md","test-levels-framework","tea","tea/workflows/testarch/bmad-testarch-framework/resources/knowledge/test-levels-framework.md","80bbac7959a47a2e7e7de82613296f906954d571d2d64ece13381c1a0b480237"
"md","test-levels-framework","tea","tea/workflows/testarch/bmad-testarch-nfr/resources/knowledge/test-levels-framework.md","80bbac7959a47a2e7e7de82613296f906954d571d2d64ece13381c1a0b480237"
"md","test-levels-framework","tea","tea/workflows/testarch/bmad-testarch-test-design/resources/knowledge/test-levels-framework.md","80bbac7959a47a2e7e7de82613296f906954d571d2d64ece13381c1a0b480237"
"md","test-levels-framework","tea","tea/workflows/testarch/bmad-testarch-test-review/resources/knowledge/test-levels-framework.md","80bbac7959a47a2e7e7de82613296f906954d571d2d64ece13381c1a0b480237"
"md","test-levels-framework","tea","tea/workflows/testarch/bmad-testarch-trace/resources/knowledge/test-levels-framework.md","80bbac7959a47a2e7e7de82613296f906954d571d2d64ece13381c1a0b480237"
"md","test-priorities-matrix","tea","tea/agents/bmad-tea/resources/knowledge/test-priorities-matrix.md","321c3b708cc19892884be0166afa2a7197028e5474acaf7bc65c17ac861964a5"
"md","test-priorities-matrix","tea","tea/workflows/testarch/bmad-testarch-atdd/resources/knowledge/test-priorities-matrix.md","321c3b708cc19892884be0166afa2a7197028e5474acaf7bc65c17ac861964a5"
"md","test-priorities-matrix","tea","tea/workflows/testarch/bmad-testarch-automate/resources/knowledge/test-priorities-matrix.md","321c3b708cc19892884be0166afa2a7197028e5474acaf7bc65c17ac861964a5"
"md","test-priorities-matrix","tea","tea/workflows/testarch/bmad-testarch-ci/resources/knowledge/test-priorities-matrix.md","321c3b708cc19892884be0166afa2a7197028e5474acaf7bc65c17ac861964a5"
"md","test-priorities-matrix","tea","tea/workflows/testarch/bmad-testarch-framework/resources/knowledge/test-priorities-matrix.md","321c3b708cc19892884be0166afa2a7197028e5474acaf7bc65c17ac861964a5"
"md","test-priorities-matrix","tea","tea/workflows/testarch/bmad-testarch-nfr/resources/knowledge/test-priorities-matrix.md","321c3b708cc19892884be0166afa2a7197028e5474acaf7bc65c17ac861964a5"
"md","test-priorities-matrix","tea","tea/workflows/testarch/bmad-testarch-test-design/resources/knowledge/test-priorities-matrix.md","321c3b708cc19892884be0166afa2a7197028e5474acaf7bc65c17ac861964a5"
"md","test-priorities-matrix","tea","tea/workflows/testarch/bmad-testarch-test-review/resources/knowledge/test-priorities-matrix.md","321c3b708cc19892884be0166afa2a7197028e5474acaf7bc65c17ac861964a5"
"md","test-priorities-matrix","tea","tea/workflows/testarch/bmad-testarch-trace/resources/knowledge/test-priorities-matrix.md","321c3b708cc19892884be0166afa2a7197028e5474acaf7bc65c17ac861964a5"
"md","test-quality","tea","tea/agents/bmad-tea/resources/knowledge/test-quality.md","e705addee52f16274de41f68fff3e725be7d4ff7ffc4a7f0fe3ff70bbf06d4e0"
"md","test-quality","tea","tea/workflows/testarch/bmad-testarch-atdd/resources/knowledge/test-quality.md","e026ca290b43e435d7ac48d4593e6b1259b50cdc28dd6d67403ff8b42c103bb9"
"md","test-quality","tea","tea/workflows/testarch/bmad-testarch-automate/resources/knowledge/test-quality.md","e026ca290b43e435d7ac48d4593e6b1259b50cdc28dd6d67403ff8b42c103bb9"
"md","test-quality","tea","tea/workflows/testarch/bmad-testarch-ci/resources/knowledge/test-quality.md","e026ca290b43e435d7ac48d4593e6b1259b50cdc28dd6d67403ff8b42c103bb9"
"md","test-quality","tea","tea/workflows/testarch/bmad-testarch-framework/resources/knowledge/test-quality.md","e026ca290b43e435d7ac48d4593e6b1259b50cdc28dd6d67403ff8b42c103bb9"
"md","test-quality","tea","tea/workflows/testarch/bmad-testarch-nfr/resources/knowledge/test-quality.md","e026ca290b43e435d7ac48d4593e6b1259b50cdc28dd6d67403ff8b42c103bb9"
"md","test-quality","tea","tea/workflows/testarch/bmad-testarch-test-design/resources/knowledge/test-quality.md","e026ca290b43e435d7ac48d4593e6b1259b50cdc28dd6d67403ff8b42c103bb9"
"md","test-quality","tea","tea/workflows/testarch/bmad-testarch-test-review/resources/knowledge/test-quality.md","e026ca290b43e435d7ac48d4593e6b1259b50cdc28dd6d67403ff8b42c103bb9"
"md","test-quality","tea","tea/workflows/testarch/bmad-testarch-trace/resources/knowledge/test-quality.md","e026ca290b43e435d7ac48d4593e6b1259b50cdc28dd6d67403ff8b42c103bb9"
"md","test-review-template","tea","tea/workflows/testarch/bmad-testarch-test-review/test-review-template.md","5a42c7af0797a89a3c45ccf5a844e39a90b5e4882a2a28512e8318bf35603f2f"
"md","timing-debugging","tea","tea/agents/bmad-tea/resources/knowledge/timing-debugging.md","c4c87539bbd3fd961369bb1d7066135d18c6aad7ecd70256ab5ec3b26a8777d9"
"md","timing-debugging","tea","tea/workflows/testarch/bmad-testarch-atdd/resources/knowledge/timing-debugging.md","c4c87539bbd3fd961369bb1d7066135d18c6aad7ecd70256ab5ec3b26a8777d9"
"md","timing-debugging","tea","tea/workflows/testarch/bmad-testarch-automate/resources/knowledge/timing-debugging.md","c4c87539bbd3fd961369bb1d7066135d18c6aad7ecd70256ab5ec3b26a8777d9"
"md","timing-debugging","tea","tea/workflows/testarch/bmad-testarch-ci/resources/knowledge/timing-debugging.md","c4c87539bbd3fd961369bb1d7066135d18c6aad7ecd70256ab5ec3b26a8777d9"
"md","timing-debugging","tea","tea/workflows/testarch/bmad-testarch-framework/resources/knowledge/timing-debugging.md","c4c87539bbd3fd961369bb1d7066135d18c6aad7ecd70256ab5ec3b26a8777d9"
"md","timing-debugging","tea","tea/workflows/testarch/bmad-testarch-nfr/resources/knowledge/timing-debugging.md","c4c87539bbd3fd961369bb1d7066135d18c6aad7ecd70256ab5ec3b26a8777d9"
"md","timing-debugging","tea","tea/workflows/testarch/bmad-testarch-test-design/resources/knowledge/timing-debugging.md","c4c87539bbd3fd961369bb1d7066135d18c6aad7ecd70256ab5ec3b26a8777d9"
"md","timing-debugging","tea","tea/workflows/testarch/bmad-testarch-test-review/resources/knowledge/timing-debugging.md","c4c87539bbd3fd961369bb1d7066135d18c6aad7ecd70256ab5ec3b26a8777d9"
"md","timing-debugging","tea","tea/workflows/testarch/bmad-testarch-trace/resources/knowledge/timing-debugging.md","c4c87539bbd3fd961369bb1d7066135d18c6aad7ecd70256ab5ec3b26a8777d9"
"md","trace-template","tea","tea/workflows/testarch/bmad-testarch-trace/trace-template.md","b1512de2c88f67622c8cdd3d6ac39e3ecd0b3c0def7ee29b9ea27daf0f680613"
"md","validation-report-20260127-095021","tea","tea/workflows/testarch/bmad-testarch-atdd/validation-report-20260127-095021.md","39c8d0dcaaa67d648d114d7fc9b087670af8c85377eb6513544645a5b938e7fe"
"md","validation-report-20260127-095021","tea","tea/workflows/testarch/bmad-testarch-automate/validation-report-20260127-095021.md","23b68497a6fb9d93aa7920eb28b5ad36a8f9ab2532a145255ea5878e53592f98"
"md","validation-report-20260127-095021","tea","tea/workflows/testarch/bmad-testarch-ci/validation-report-20260127-095021.md","aad800795280bad317d157a4d83ae14944b39ed4a9e5a9f34b996bc934d24af2"
"md","validation-report-20260127-095021","tea","tea/workflows/testarch/bmad-testarch-framework/validation-report-20260127-095021.md","05e86702f8cd4b1bad25b7b90c30fe266485f9116ad12af1ee50228d4169992b"
"md","validation-report-20260127-095021","tea","tea/workflows/testarch/bmad-testarch-nfr/validation-report-20260127-095021.md","5fc96e42e9b7d32b3252612ee514752346c3e29100b810a28adf996706a61589"
"md","validation-report-20260127-095021","tea","tea/workflows/testarch/bmad-testarch-test-design/validation-report-20260127-095021.md","2294b9b719227b7c083b8aecf4fc0bf6323f6b7686aec0010ba94e38ddea4aba"
"md","validation-report-20260127-095021","tea","tea/workflows/testarch/bmad-testarch-test-review/validation-report-20260127-095021.md","b370ec9724d036e262e950bbeeb244cd414cd4ae49f437d47695b2c07354f6f4"
"md","validation-report-20260127-095021","tea","tea/workflows/testarch/bmad-testarch-trace/validation-report-20260127-095021.md","a4cf09ad228331217530e473507d1a1b791d3a3cbf471007bb799fcbecbb64c7"
"md","validation-report-20260127-102401","tea","tea/workflows/testarch/bmad-testarch-atdd/validation-report-20260127-102401.md","b749c37581244d028897b78aa6470ee0b9e7a78cdc4975bfd8aed1bd3f374370"
"md","validation-report-20260127-102401","tea","tea/workflows/testarch/bmad-testarch-automate/validation-report-20260127-102401.md","3322f92f5dc4d28c07e08a6a20f7cd77c702f7de04ecba9af6975a7463d845b5"
"md","validation-report-20260127-102401","tea","tea/workflows/testarch/bmad-testarch-ci/validation-report-20260127-102401.md","38864f41d588c5b075c5e09539729e1f4101b1def47c794a68bba5a2db23cb7a"
"md","validation-report-20260127-102401","tea","tea/workflows/testarch/bmad-testarch-framework/validation-report-20260127-102401.md","e584a2aaf88cd4d65a37ab03668c523a8e55b830ea957c205acfad149febb1ef"
"md","validation-report-20260127-102401","tea","tea/workflows/testarch/bmad-testarch-nfr/validation-report-20260127-102401.md","39206e32d3ac4c93475e3444ceeac9babb3a2d94588155a944e03cd153f1e9ab"
"md","validation-report-20260127-102401","tea","tea/workflows/testarch/bmad-testarch-test-design/validation-report-20260127-102401.md","7fbef44391edac74342d14f02688176f96a291c30792fdf26721a872c1ba2b6d"
"md","validation-report-20260127-102401","tea","tea/workflows/testarch/bmad-testarch-test-review/validation-report-20260127-102401.md","13c684351c4c4ae274f3ea9827b00d7bab7daf694980f5bfc74c592aa2617f1a"
"md","validation-report-20260127-102401","tea","tea/workflows/testarch/bmad-testarch-trace/validation-report-20260127-102401.md","0774915e82411e21d505e11cf659bc1f3b7b0e252513b1de067b0c7d8c567c37"
"md","visual-debugging","tea","tea/agents/bmad-tea/resources/knowledge/visual-debugging.md","f1a7db59553aee691550e2c62ca15348a2703dea738b76cd38e22cfcfe2bf7c8"
"md","visual-debugging","tea","tea/workflows/testarch/bmad-testarch-atdd/resources/knowledge/visual-debugging.md","f1a7db59553aee691550e2c62ca15348a2703dea738b76cd38e22cfcfe2bf7c8"
"md","visual-debugging","tea","tea/workflows/testarch/bmad-testarch-automate/resources/knowledge/visual-debugging.md","f1a7db59553aee691550e2c62ca15348a2703dea738b76cd38e22cfcfe2bf7c8"
"md","visual-debugging","tea","tea/workflows/testarch/bmad-testarch-ci/resources/knowledge/visual-debugging.md","f1a7db59553aee691550e2c62ca15348a2703dea738b76cd38e22cfcfe2bf7c8"
"md","visual-debugging","tea","tea/workflows/testarch/bmad-testarch-framework/resources/knowledge/visual-debugging.md","f1a7db59553aee691550e2c62ca15348a2703dea738b76cd38e22cfcfe2bf7c8"
"md","visual-debugging","tea","tea/workflows/testarch/bmad-testarch-nfr/resources/knowledge/visual-debugging.md","f1a7db59553aee691550e2c62ca15348a2703dea738b76cd38e22cfcfe2bf7c8"
"md","visual-debugging","tea","tea/workflows/testarch/bmad-testarch-test-design/resources/knowledge/visual-debugging.md","f1a7db59553aee691550e2c62ca15348a2703dea738b76cd38e22cfcfe2bf7c8"
"md","visual-debugging","tea","tea/workflows/testarch/bmad-testarch-test-review/resources/knowledge/visual-debugging.md","f1a7db59553aee691550e2c62ca15348a2703dea738b76cd38e22cfcfe2bf7c8"
"md","visual-debugging","tea","tea/workflows/testarch/bmad-testarch-trace/resources/knowledge/visual-debugging.md","f1a7db59553aee691550e2c62ca15348a2703dea738b76cd38e22cfcfe2bf7c8"
"md","webhook-module-setup","tea","tea/agents/bmad-tea/resources/knowledge/webhook-module-setup.md","87dd6d7eb4dfd45691ccbb876a0bdf0b8a8b8622351be7539b8fb80504068048"
"md","webhook-module-setup","tea","tea/workflows/testarch/bmad-testarch-atdd/resources/knowledge/webhook-module-setup.md","87dd6d7eb4dfd45691ccbb876a0bdf0b8a8b8622351be7539b8fb80504068048"
"md","webhook-module-setup","tea","tea/workflows/testarch/bmad-testarch-automate/resources/knowledge/webhook-module-setup.md","87dd6d7eb4dfd45691ccbb876a0bdf0b8a8b8622351be7539b8fb80504068048"
"md","webhook-module-setup","tea","tea/workflows/testarch/bmad-testarch-ci/resources/knowledge/webhook-module-setup.md","87dd6d7eb4dfd45691ccbb876a0bdf0b8a8b8622351be7539b8fb80504068048"
"md","webhook-module-setup","tea","tea/workflows/testarch/bmad-testarch-framework/resources/knowledge/webhook-module-setup.md","87dd6d7eb4dfd45691ccbb876a0bdf0b8a8b8622351be7539b8fb80504068048"
"md","webhook-module-setup","tea","tea/workflows/testarch/bmad-testarch-nfr/resources/knowledge/webhook-module-setup.md","87dd6d7eb4dfd45691ccbb876a0bdf0b8a8b8622351be7539b8fb80504068048"
"md","webhook-module-setup","tea","tea/workflows/testarch/bmad-testarch-test-design/resources/knowledge/webhook-module-setup.md","87dd6d7eb4dfd45691ccbb876a0bdf0b8a8b8622351be7539b8fb80504068048"
"md","webhook-module-setup","tea","tea/workflows/testarch/bmad-testarch-test-review/resources/knowledge/webhook-module-setup.md","87dd6d7eb4dfd45691ccbb876a0bdf0b8a8b8622351be7539b8fb80504068048"
"md","webhook-module-setup","tea","tea/workflows/testarch/bmad-testarch-trace/resources/knowledge/webhook-module-setup.md","87dd6d7eb4dfd45691ccbb876a0bdf0b8a8b8622351be7539b8fb80504068048"
"md","webhook-providers","tea","tea/agents/bmad-tea/resources/knowledge/webhook-providers.md","a71ba2c09c45541d4d262c4db85fb9b2aeb021bb09779c65454a5ed3bd546c63"
"md","webhook-providers","tea","tea/workflows/testarch/bmad-testarch-atdd/resources/knowledge/webhook-providers.md","a71ba2c09c45541d4d262c4db85fb9b2aeb021bb09779c65454a5ed3bd546c63"
"md","webhook-providers","tea","tea/workflows/testarch/bmad-testarch-automate/resources/knowledge/webhook-providers.md","a71ba2c09c45541d4d262c4db85fb9b2aeb021bb09779c65454a5ed3bd546c63"
"md","webhook-providers","tea","tea/workflows/testarch/bmad-testarch-ci/resources/knowledge/webhook-providers.md","a71ba2c09c45541d4d262c4db85fb9b2aeb021bb09779c65454a5ed3bd546c63"
"md","webhook-providers","tea","tea/workflows/testarch/bmad-testarch-framework/resources/knowledge/webhook-providers.md","a71ba2c09c45541d4d262c4db85fb9b2aeb021bb09779c65454a5ed3bd546c63"
"md","webhook-providers","tea","tea/workflows/testarch/bmad-testarch-nfr/resources/knowledge/webhook-providers.md","a71ba2c09c45541d4d262c4db85fb9b2aeb021bb09779c65454a5ed3bd546c63"
"md","webhook-providers","tea","tea/workflows/testarch/bmad-testarch-test-design/resources/knowledge/webhook-providers.md","a71ba2c09c45541d4d262c4db85fb9b2aeb021bb09779c65454a5ed3bd546c63"
"md","webhook-providers","tea","tea/workflows/testarch/bmad-testarch-test-review/resources/knowledge/webhook-providers.md","a71ba2c09c45541d4d262c4db85fb9b2aeb021bb09779c65454a5ed3bd546c63"
"md","webhook-providers","tea","tea/workflows/testarch/bmad-testarch-trace/resources/knowledge/webhook-providers.md","a71ba2c09c45541d4d262c4db85fb9b2aeb021bb09779c65454a5ed3bd546c63"
"md","webhook-risk-guidance","tea","tea/agents/bmad-tea/resources/knowledge/webhook-risk-guidance.md","8bd40218b2427c18212afa3f5bbc8ce251f4385ca2ae2ac62e6a907fa342200e"
"md","webhook-risk-guidance","tea","tea/workflows/testarch/bmad-testarch-atdd/resources/knowledge/webhook-risk-guidance.md","8bd40218b2427c18212afa3f5bbc8ce251f4385ca2ae2ac62e6a907fa342200e"
"md","webhook-risk-guidance","tea","tea/workflows/testarch/bmad-testarch-automate/resources/knowledge/webhook-risk-guidance.md","8bd40218b2427c18212afa3f5bbc8ce251f4385ca2ae2ac62e6a907fa342200e"
"md","webhook-risk-guidance","tea","tea/workflows/testarch/bmad-testarch-ci/resources/knowledge/webhook-risk-guidance.md","8bd40218b2427c18212afa3f5bbc8ce251f4385ca2ae2ac62e6a907fa342200e"
"md","webhook-risk-guidance","tea","tea/workflows/testarch/bmad-testarch-framework/resources/knowledge/webhook-risk-guidance.md","8bd40218b2427c18212afa3f5bbc8ce251f4385ca2ae2ac62e6a907fa342200e"
"md","webhook-risk-guidance","tea","tea/workflows/testarch/bmad-testarch-nfr/resources/knowledge/webhook-risk-guidance.md","8bd40218b2427c18212afa3f5bbc8ce251f4385ca2ae2ac62e6a907fa342200e"
"md","webhook-risk-guidance","tea","tea/workflows/testarch/bmad-testarch-test-design/resources/knowledge/webhook-risk-guidance.md","8bd40218b2427c18212afa3f5bbc8ce251f4385ca2ae2ac62e6a907fa342200e"
"md","webhook-risk-guidance","tea","tea/workflows/testarch/bmad-testarch-test-review/resources/knowledge/webhook-risk-guidance.md","8bd40218b2427c18212afa3f5bbc8ce251f4385ca2ae2ac62e6a907fa342200e"
"md","webhook-risk-guidance","tea","tea/workflows/testarch/bmad-testarch-trace/resources/knowledge/webhook-risk-guidance.md","8bd40218b2427c18212afa3f5bbc8ce251f4385ca2ae2ac62e6a907fa342200e"
"md","webhook-template-matchers","tea","tea/agents/bmad-tea/resources/knowledge/webhook-template-matchers.md","abf92e617b194199439c60fafe68cb0481b48e9ef09f69c01c8a424429a6009f"
"md","webhook-template-matchers","tea","tea/workflows/testarch/bmad-testarch-atdd/resources/knowledge/webhook-template-matchers.md","abf92e617b194199439c60fafe68cb0481b48e9ef09f69c01c8a424429a6009f"
"md","webhook-template-matchers","tea","tea/workflows/testarch/bmad-testarch-automate/resources/knowledge/webhook-template-matchers.md","abf92e617b194199439c60fafe68cb0481b48e9ef09f69c01c8a424429a6009f"
"md","webhook-template-matchers","tea","tea/workflows/testarch/bmad-testarch-ci/resources/knowledge/webhook-template-matchers.md","abf92e617b194199439c60fafe68cb0481b48e9ef09f69c01c8a424429a6009f"
"md","webhook-template-matchers","tea","tea/workflows/testarch/bmad-testarch-framework/resources/knowledge/webhook-template-matchers.md","abf92e617b194199439c60fafe68cb0481b48e9ef09f69c01c8a424429a6009f"
"md","webhook-template-matchers","tea","tea/workflows/testarch/bmad-testarch-nfr/resources/knowledge/webhook-template-matchers.md","abf92e617b194199439c60fafe68cb0481b48e9ef09f69c01c8a424429a6009f"
"md","webhook-template-matchers","tea","tea/workflows/testarch/bmad-testarch-test-design/resources/knowledge/webhook-template-matchers.md","abf92e617b194199439c60fafe68cb0481b48e9ef09f69c01c8a424429a6009f"
"md","webhook-template-matchers","tea","tea/workflows/testarch/bmad-testarch-test-review/resources/knowledge/webhook-template-matchers.md","abf92e617b194199439c60fafe68cb0481b48e9ef09f69c01c8a424429a6009f"
"md","webhook-template-matchers","tea","tea/workflows/testarch/bmad-testarch-trace/resources/knowledge/webhook-template-matchers.md","abf92e617b194199439c60fafe68cb0481b48e9ef09f69c01c8a424429a6009f"
"md","webhook-testing-fundamentals","tea","tea/agents/bmad-tea/resources/knowledge/webhook-testing-fundamentals.md","cc1778b9aa95cb6fe00cfbb2115a2238636f71513cf159b7c02cbb3e091541c3"
"md","webhook-testing-fundamentals","tea","tea/workflows/testarch/bmad-testarch-atdd/resources/knowledge/webhook-testing-fundamentals.md","cc1778b9aa95cb6fe00cfbb2115a2238636f71513cf159b7c02cbb3e091541c3"
"md","webhook-testing-fundamentals","tea","tea/workflows/testarch/bmad-testarch-automate/resources/knowledge/webhook-testing-fundamentals.md","cc1778b9aa95cb6fe00cfbb2115a2238636f71513cf159b7c02cbb3e091541c3"
"md","webhook-testing-fundamentals","tea","tea/workflows/testarch/bmad-testarch-ci/resources/knowledge/webhook-testing-fundamentals.md","cc1778b9aa95cb6fe00cfbb2115a2238636f71513cf159b7c02cbb3e091541c3"
"md","webhook-testing-fundamentals","tea","tea/workflows/testarch/bmad-testarch-framework/resources/knowledge/webhook-testing-fundamentals.md","cc1778b9aa95cb6fe00cfbb2115a2238636f71513cf159b7c02cbb3e091541c3"
"md","webhook-testing-fundamentals","tea","tea/workflows/testarch/bmad-testarch-nfr/resources/knowledge/webhook-testing-fundamentals.md","cc1778b9aa95cb6fe00cfbb2115a2238636f71513cf159b7c02cbb3e091541c3"
"md","webhook-testing-fundamentals","tea","tea/workflows/testarch/bmad-testarch-test-design/resources/knowledge/webhook-testing-fundamentals.md","cc1778b9aa95cb6fe00cfbb2115a2238636f71513cf159b7c02cbb3e091541c3"
"md","webhook-testing-fundamentals","tea","tea/workflows/testarch/bmad-testarch-test-review/resources/knowledge/webhook-testing-fundamentals.md","cc1778b9aa95cb6fe00cfbb2115a2238636f71513cf159b7c02cbb3e091541c3"
"md","webhook-testing-fundamentals","tea","tea/workflows/testarch/bmad-testarch-trace/resources/knowledge/webhook-testing-fundamentals.md","cc1778b9aa95cb6fe00cfbb2115a2238636f71513cf159b7c02cbb3e091541c3"
"md","webhook-timeout-error","tea","tea/agents/bmad-tea/resources/knowledge/webhook-timeout-error.md","21500487fccc694ac1194dd144e13f6fd9f2585f65b32202f0b3d7b1cdc3b607"
"md","webhook-timeout-error","tea","tea/workflows/testarch/bmad-testarch-atdd/resources/knowledge/webhook-timeout-error.md","21500487fccc694ac1194dd144e13f6fd9f2585f65b32202f0b3d7b1cdc3b607"
"md","webhook-timeout-error","tea","tea/workflows/testarch/bmad-testarch-automate/resources/knowledge/webhook-timeout-error.md","21500487fccc694ac1194dd144e13f6fd9f2585f65b32202f0b3d7b1cdc3b607"
"md","webhook-timeout-error","tea","tea/workflows/testarch/bmad-testarch-ci/resources/knowledge/webhook-timeout-error.md","21500487fccc694ac1194dd144e13f6fd9f2585f65b32202f0b3d7b1cdc3b607"
"md","webhook-timeout-error","tea","tea/workflows/testarch/bmad-testarch-framework/resources/knowledge/webhook-timeout-error.md","21500487fccc694ac1194dd144e13f6fd9f2585f65b32202f0b3d7b1cdc3b607"
"md","webhook-timeout-error","tea","tea/workflows/testarch/bmad-testarch-nfr/resources/knowledge/webhook-timeout-error.md","21500487fccc694ac1194dd144e13f6fd9f2585f65b32202f0b3d7b1cdc3b607"
"md","webhook-timeout-error","tea","tea/workflows/testarch/bmad-testarch-test-design/resources/knowledge/webhook-timeout-error.md","21500487fccc694ac1194dd144e13f6fd9f2585f65b32202f0b3d7b1cdc3b607"
"md","webhook-timeout-error","tea","tea/workflows/testarch/bmad-testarch-test-review/resources/knowledge/webhook-timeout-error.md","21500487fccc694ac1194dd144e13f6fd9f2585f65b32202f0b3d7b1cdc3b607"
"md","webhook-timeout-error","tea","tea/workflows/testarch/bmad-testarch-trace/resources/knowledge/webhook-timeout-error.md","21500487fccc694ac1194dd144e13f6fd9f2585f65b32202f0b3d7b1cdc3b607"
"md","webhook-waiting-querying","tea","tea/agents/bmad-tea/resources/knowledge/webhook-waiting-querying.md","d914f3cfa9b3cfbd94fd0d3d057a7b578764cf37cdfc1b29278e03c88c3b06c5"
"md","webhook-waiting-querying","tea","tea/workflows/testarch/bmad-testarch-atdd/resources/knowledge/webhook-waiting-querying.md","d914f3cfa9b3cfbd94fd0d3d057a7b578764cf37cdfc1b29278e03c88c3b06c5"
"md","webhook-waiting-querying","tea","tea/workflows/testarch/bmad-testarch-automate/resources/knowledge/webhook-waiting-querying.md","d914f3cfa9b3cfbd94fd0d3d057a7b578764cf37cdfc1b29278e03c88c3b06c5"
"md","webhook-waiting-querying","tea","tea/workflows/testarch/bmad-testarch-ci/resources/knowledge/webhook-waiting-querying.md","d914f3cfa9b3cfbd94fd0d3d057a7b578764cf37cdfc1b29278e03c88c3b06c5"
"md","webhook-waiting-querying","tea","tea/workflows/testarch/bmad-testarch-framework/resources/knowledge/webhook-waiting-querying.md","d914f3cfa9b3cfbd94fd0d3d057a7b578764cf37cdfc1b29278e03c88c3b06c5"
"md","webhook-waiting-querying","tea","tea/workflows/testarch/bmad-testarch-nfr/resources/knowledge/webhook-waiting-querying.md","d914f3cfa9b3cfbd94fd0d3d057a7b578764cf37cdfc1b29278e03c88c3b06c5"
"md","webhook-waiting-querying","tea","tea/workflows/testarch/bmad-testarch-test-design/resources/knowledge/webhook-waiting-querying.md","d914f3cfa9b3cfbd94fd0d3d057a7b578764cf37cdfc1b29278e03c88c3b06c5"
"md","webhook-waiting-querying","tea","tea/workflows/testarch/bmad-testarch-test-review/resources/knowledge/webhook-waiting-querying.md","d914f3cfa9b3cfbd94fd0d3d057a7b578764cf37cdfc1b29278e03c88c3b06c5"
"md","webhook-waiting-querying","tea","tea/workflows/testarch/bmad-testarch-trace/resources/knowledge/webhook-waiting-querying.md","d914f3cfa9b3cfbd94fd0d3d057a7b578764cf37cdfc1b29278e03c88c3b06c5"
"md","workflow-plan","tea","tea/workflows/testarch/bmad-testarch-atdd/workflow-plan.md","06306d3dfe8940fceb1e8765efe85dd47f44ef9c1286ce528a702361f5f63704"
"md","workflow-plan","tea","tea/workflows/testarch/bmad-testarch-automate/workflow-plan.md","3d3cd40c76dc9f0c2387bef34e9391a9d3a25fe04ea4ebedb6adb72684a3ad06"
"md","workflow-plan","tea","tea/workflows/testarch/bmad-testarch-ci/workflow-plan.md","628dae2fcc680824c0e376feca84ce05b7cd674f0d5efc935964f4e705dddeb3"
"md","workflow-plan","tea","tea/workflows/testarch/bmad-testarch-framework/workflow-plan.md","6e181a5bd34a182f85fc9886bf205f13e89e6325db282f6e0f21cd59f122b7ab"
"md","workflow-plan","tea","tea/workflows/testarch/bmad-testarch-nfr/workflow-plan.md","b06b6bc5203d11580729ad8c86c609bdd7babec441395140b5aa895d877ef731"
"md","workflow-plan","tea","tea/workflows/testarch/bmad-testarch-test-design/workflow-plan.md","e3b7f847205fb9c004b9772af0da7d9ed4c5038cbedd66c388d6a3b640be5a04"
"md","workflow-plan","tea","tea/workflows/testarch/bmad-testarch-test-review/workflow-plan.md","15723c03eee5bfc852cd39b843bf4435dabdf02f59a77bb8a8683c4ab8cb3ed6"
"md","workflow-plan","tea","tea/workflows/testarch/bmad-testarch-trace/workflow-plan.md","75042880f6ccd48ae8c228cc73f57c26ed359cb569856904e603b06eca3ee29c"
"md","workflow-plan-teach-me-testing","tea","tea/workflows/testarch/bmad-teach-me-testing/workflow-plan-teach-me-testing.md","639b63546d7ec97b68e50ecf28b681601664150208f4e65233151e1f0116e98c"
"toml","customize","tea","tea/agents/bmad-tea/customize.toml","2864b07f57c631473380fb4e7cac49282e7585d191e266088337314c8e2b7937"
"toml","customize","tea","tea/workflows/testarch/bmad-teach-me-testing/customize.toml","7c3a2e013fd0ffbc8d4dc73c250fd983fae2eaf232ecc199a72dbe15045fc666"
"toml","customize","tea","tea/workflows/testarch/bmad-testarch-atdd/customize.toml","288fc010f2d4720ecb80cd74a1835efb8deb6e02907b81f8e67040dedcdc9893"
"toml","customize","tea","tea/workflows/testarch/bmad-testarch-automate/customize.toml","480aa14b35703f4ec55e6a6cba6e595abac1529fa299c14a811eb55f42f1520f"
"toml","customize","tea","tea/workflows/testarch/bmad-testarch-ci/customize.toml","bcb285f67759ac44419178681d2cf67bb91dff1d08d0f46d638c467e520d53f6"
"toml","customize","tea","tea/workflows/testarch/bmad-testarch-framework/customize.toml","4e24c2e529578e713c7f28908e3435633c2afab5b855e7cb5ac55ce0eb2547fa"
"toml","customize","tea","tea/workflows/testarch/bmad-testarch-nfr/customize.toml","41ff5a011d0a55d39b8beefe88d7bfe1a7223d87de70eb164071bb013f418955"
"toml","customize","tea","tea/workflows/testarch/bmad-testarch-test-design/customize.toml","c83a85c3de1ee5ff9acc94b9b8a96c563d9573520ea791c54d35f468568c6695"
"toml","customize","tea","tea/workflows/testarch/bmad-testarch-test-review/customize.toml","d0b674d8be6403939ae409545dffe4c9475069d75acbbb27d95ee29da596649b"
"toml","customize","tea","tea/workflows/testarch/bmad-testarch-trace/customize.toml","2a2b7a49e140ac8fdd80c22f877c0f4c35225243f6df6e288a9f566146b4ca74"
"yaml","azure-pipelines-template","tea","tea/workflows/testarch/bmad-testarch-ci/azure-pipelines-template.yaml","e53405833b819cd70b7226ea624236ff2490659985b0512244303dc9676acb34"
"yaml","config","tea","tea/config.yaml","08cfb5a6af1d17a0b0217d18b8108da0513f09bb8f1169df5193a5302bfac584"
"yaml","curriculum","tea","tea/workflows/testarch/bmad-teach-me-testing/data/curriculum.yaml","00e6b86437cbddfaca6693b68228ad846553d986bf637c2d06fe5bc6ce14a07b"
"yaml","github-actions-template","tea","tea/workflows/testarch/bmad-testarch-ci/github-actions-template.yaml","dbf33e640d9017650b5eed7af28f8914172a0dcfd04552a0342ef61b459b28c2"
"yaml","gitlab-ci-template","tea","tea/workflows/testarch/bmad-testarch-ci/gitlab-ci-template.yaml","af7d7e50802c1f4cbdfdfc20b0cd8a86ba5cec5b9eaedaec29e4c8aec6049ae6"
"yaml","harness-pipeline-template","tea","tea/workflows/testarch/bmad-testarch-ci/harness-pipeline-template.yaml","243aa43a5139a9bca9e5300070e2efeb97c13f0bb94d166f84b035025d5c4f8d"
"yaml","progress-template","tea","tea/workflows/testarch/bmad-teach-me-testing/templates/progress-template.yaml","1000c7df2fdab3752f2c6af4ef3c72677817666ccd7e795a96e2afae663b9b4d"
"yaml","quiz-questions","tea","tea/workflows/testarch/bmad-teach-me-testing/data/quiz-questions.yaml","42c5e6c8703e22992cfcbbeb23d871054b15257153010efe53bf44dbc1f27b4f"
"yaml","role-paths","tea","tea/workflows/testarch/bmad-teach-me-testing/data/role-paths.yaml","8cf13b5649736b736accf5f99971c9713cf5c3c3d6f0d749fb42f58b3cbcd04b"
"yaml","session-content-map","tea","tea/workflows/testarch/bmad-teach-me-testing/data/session-content-map.yaml","14a74ad936c4d77f20325d4a2c86cc198577141f569863d968d93eb0c9da881d"
"yaml","tea-resources-index","tea","tea/workflows/testarch/bmad-teach-me-testing/data/tea-resources-index.yaml","a9463b3fa622105c0f1ab21116b25f5f8efa4760fb964347c831744750635294"
"yaml","workflow","tea","tea/workflows/testarch/bmad-testarch-atdd/workflow.yaml","7f0ed54ed25cc51e4ecf3dd0e9298613a679982865473d82b81c117342a51a71"
"yaml","workflow","tea","tea/workflows/testarch/bmad-testarch-automate/workflow.yaml","812166a75f88418ecfba92f43e293ce33476275218a6b874f9d3ab3b3eb34a02"
"yaml","workflow","tea","tea/workflows/testarch/bmad-testarch-ci/workflow.yaml","e32ab0b461dc951b66864d701bb27e4ebab959498689bf28fa4838210a120b83"
"yaml","workflow","tea","tea/workflows/testarch/bmad-testarch-framework/workflow.yaml","13f99eb56accb5e8da5f28aabe4041b2a736472f92edd241f3f7ce3294b1f29f"
"yaml","workflow","tea","tea/workflows/testarch/bmad-testarch-nfr/workflow.yaml","e7e2c75f2497f61be338b5d8720992d8676d2e156db4920313f52bf60aa7b803"
"yaml","workflow","tea","tea/workflows/testarch/bmad-testarch-test-design/workflow.yaml","28e61166a437ccef0a3e72e8860bdee446d92e2e6dea3e0330b34b52a12c2a0b"
"yaml","workflow","tea","tea/workflows/testarch/bmad-testarch-test-review/workflow.yaml","74fa54b4009c2bd8d538a3ca1a64cb1155812a51c3d6d5c24a16a4c5ab87302b"
"yaml","workflow","tea","tea/workflows/testarch/bmad-testarch-trace/workflow.yaml","d7db4d39bd03cf14b60fba88a0e9f26e485221fae0a9b256271df2e1a37cc2b9"
